,type_ off  vs. type_ off ,type_ off  vs. type_ on ,type_ on  vs. type_ off ,type_ on  vs. type_ on 
0,1.0149430574581606e-07,2.002746998595255,2.00274699859529,4.29695125511263e-07
1,1.2050705924614503e-07,2.00274695376662,2.002746953766627,5.041988090929363e-07
2,1.427425345439777e-07,2.0027469018087642,2.002746901808749,5.903199850791219e-07
3,1.69405860411383e-07,2.0027468400907966,2.0027468400908113,6.923277331907827e-07
4,2.0058345981882634e-07,2.002746768569794,2.002746768569794,8.102145512367759e-07
5,2.379372717221271e-07,2.0027466836870476,2.0027466836870524,9.497171847032069e-07
6,2.816063030791611e-07,2.00274658534227,2.002746585342268,1.1108910774905267e-06
7,3.338791320780549e-07,2.0027464687295464,2.002746468729539,1.3014326982086507e-06
8,3.9497401440140515e-07,2.002746333656689,2.0027463336566917,1.521503240349462e-06
9,4.68037613904e-07,2.00274617364391,2.002746173643914,1.7814098227881744e-06
10,5.53406749643276e-07,2.002745988356195,2.0027459883561978,2.081482877172675e-06
11,6.55400240898488e-07,2.002745769072099,2.0027457690721,2.4354988931364235e-06
12,7.745302756570263e-07,2.002745515240698,2.002745515240699,2.8440500643206906e-06
13,9.167135851698164e-07,2.0027452151448597,2.0027452151448615,3.3255113464008474e-06
14,1.0827190813784692e-06,2.002744867912555,2.0027448679125537,3.880869087475967e-06
15,1.2806367943552131e-06,2.0027444578344777,2.0027444578344777,4.534576559227182e-06
16,1.5116078216788797e-06,2.0027439835685037,2.002743983568506,5.288200738890831e-06
17,1.7866702005270236e-06,2.0027434240990365,2.0027434240990374,6.174204650164684e-06
18,2.107500333567139e-06,2.002742777405814,2.0027427774058153,7.194995359867065e-06
19,2.4891237612048085e-06,2.002742015441731,2.0027420154417306,8.393555930532426e-06
20,2.9339802663485002e-06,2.0027411352201265,2.0027411352201274,9.773489619602003e-06
21,3.4624724570600943e-06,2.002740099406563,2.0027400994065605,1.139154681568974e-05
22,4.078119786967656e-06,2.0027389036538157,2.002738903653813,1.3253009080158561e-05
23,4.808551473352152e-06,2.0027374984038167,2.002737498403818,1.5432573501778413e-05
24,5.65880163938891e-06,2.0027358774154944,2.0027358774154957,1.793784402040122e-05
25,6.6661767179827665e-06,2.0027339751041255,2.0027339751041264,2.086681337698212e-05
26,7.83781831180684e-06,2.0027317826216895,2.00273178262169,2.4230256282503313e-05
27,9.223940844226579e-06,2.0027292134582217,2.0027292134582217,2.8156265097721857e-05
28,1.083459356649166e-05,2.002726255216586,2.002726255216586,3.2659886541875806e-05
29,1.2737135406365962e-05,2.002722794188838,2.002722794188839,3.7907909598987997e-05
30,1.4945592613325405e-05,2.0027188131997806,2.0027188131997766,4.3921059935185506e-05
31,1.7549991249929924e-05,2.0027141633633057,2.0027141633633057,5.091560632674118e-05
32,2.0569748628423554e-05,2.0027088211444823,2.0027088211444832,5.891971997332967e-05
33,2.412471150659674e-05,2.0027025923977075,2.0027025923977066,6.821256673799271e-05
34,2.8241537098740343e-05,2.0026954452225363,2.0026954452225363,7.883193920428687e-05
35,3.307909548602054e-05,2.0026871275752036,2.0026871275752027,9.113644917960187e-05
36,3.8673671924394366e-05,2.002677596686512,2.0026775966865125,0.00010517613261505733
37,4.523491094280659e-05,2.0026665269008173,2.002666526900817,0.00012140926365111678
38,5.281177060372481e-05,2.0026538615106917,2.0026538615106904,0.00013990120159208724
39,6.16795559285886e-05,2.002639181886688,2.002639181886688,0.00016123432119890472
40,7.190372520879011e-05,2.0026224136930595,2.002622413693059,0.00018549281411931365
41,8.384394034135565e-05,2.0026030217005193,2.002603021700519,0.00021341235919621567
42,9.758689768140463e-05,2.0025809096077247,2.0025809096077243,0.00024509982746836095
43,0.00011359988326187498,2.0025553970583148,2.0025553970583148,0.0002814786606827552
44,0.00013199659828953033,2.0025263608195134,2.002526360819513,0.0003226824167684757
45,0.00015338062553653354,2.002492941352537,2.002492941352536,0.0003698623968716172
46,0.00017789956044301955,2.0024549829844784,2.0024549829844784,0.0004231827207279186
47,0.00020632824749757209,2.0024114068373264,2.002411406837327,0.00048406848936560033
48,0.00023885623629667926,2.002362018924501,2.002362018924501,0.0005527176873873606
49,0.0002764717963649714,2.0023054743060493,2.0023054743060507,0.0006308809497742317
50,0.00031941563771929114,2.002241534742496,2.002241534742496,0.0007187922410516504
51,0.00036893969374439953,2.0021685356558647,2.0021685356558647,0.0008185848597144491
52,0.00042534605883894186,2.0020861889992156,2.0020861889992156,0.0009305288565243184
53,0.0004902094286291117,2.0019924500964756,2.001992450096475,0.0010572018749805774
54,0.0005639042527363265,2.0018869765551646,2.0018869765551646,0.0011989071028614717
55,0.0006483965558211241,2.0017672765739576,2.0017672765739576,0.0013587313735932414
56,0.000744144404435406,2.0016329507351087,2.001632950735109,0.0015370037227934257
57,0.0008535835198247648,2.0014809872807224,2.001480987280723,0.001737386153438985
58,0.0009772664491524178,2.0013109300234335,2.001310930023434,0.001960220399033878
59,0.0011181867130752336,2.0011191699265916,2.001119169926591,0.002209807993829978
60,0.0012770008313998829,2.0009051985563384,2.0009051985563384,0.002486482618570449
61,0.0014573573578433635,2.000664729753277,2.0006647297532765,0.0027952445424300155
62,0.0016600235917762357,2.000397213227641,2.000397213227641,0.0031363891192317576
63,0.0018894081812931309,2.000097606057851,2.000097606057851,0.00351566503792212
64,0.0021463916173013273,1.999765334227194,1.999765334227194,0.003933287481127932
65,0.0024362533553757447,1.9993945221889555,1.9993945221889555,0.00439578855365136
66,0.0027599829346917387,1.9989846001966383,1.9989846001966383,0.004903247770557194
67,0.0031238437551484883,1.9985287924716852,1.9985287924716852,0.005462995055016521
68,0.0035289210510163114,1.9980265737563645,1.9980265737563645,0.0060749031164745145
69,0.003982573277984999,1.99747021409289,1.9974702140928902,0.006747087027828749
70,0.004485955633595885,1.996859287654881,1.996859287654881,0.007479124197862548
71,0.005047624913619589,1.9961850762840998,1.9961850762840998,0.008279868340342514
72,0.005668764511901884,1.9954473257716667,1.9954473257716667,0.009148494525328671
73,0.00635921781175872,1.9946363226217987,1.9946363226217987,0.010094508133493814
74,0.0071201345609958454,1.9937520759918628,1.9937520759918628,0.011116556005953668
75,0.007962709398108723,1.9927839041151332,1.9927839041151334,0.012224661893854896
76,0.008887972304422703,1.9917321926153873,1.9917321926153873,0.01341680068835138
77,0.009908500653339584,1.9905853598760137,1.9905853598760137,0.014703330633591537
78,0.01102509027762796,1.9893443032338993,1.9893443032338993,0.01608139602630208
79,0.012251689433454248,1.98799665721695,1.9879966572169503,0.01756145351522446
80,0.013588713975520441,1.9865439874696476,1.9865439874696478,0.019139648649980107
81,0.015051418023858839,1.9849733125207474,1.9849733125207474,0.020826250353678022
82,0.016639658579225374,1.9832870411653751,1.983287041165375,0.02261623629748758
83,0.018369869094616357,1.9814717968239293,1.9814717968239288,0.024519358660031767
84,0.020241136752281088,1.979531018401785,1.9795310184017845,0.026529269220726744
85,0.022270880912338253,1.9774512049375803,1.9774512049375803,0.02865484463847671
86,0.02445718045397305,1.9752370147411074,1.9752370147411078,0.03088827967608494
87,0.02681817953330025,1.9728751343386246,1.9728751343386253,0.033237206581145054
88,0.02935069186333429,1.9703716193390293,1.9703716193390293,0.035692277842485756
89,0.03207326294797539,1.9677136818653262,1.9677136818653262,0.038259528184722856
90,0.03498118041846939,1.964908923883309,1.964908923883309,0.04092804937547264
91,0.03809301794892119,1.9619454263552134,1.9619454263552134,0.04370197212256783
92,0.04140229158809796,1.9588324377018425,1.9588324377018427,0.046568896599187136
93,0.04492720044402959,1.9555592298030184,1.9555592298030184,0.04953082286787478
94,0.048659282521530595,1.952136727776988,1.9521367277769877,0.052574033816310727
95,0.05261595693327865,1.9485556660183132,1.9485556660183132,0.05569828408527257
96,0.056786641906841455,1.9448285878105536,1.9448285878105531,0.05888882972318273
97,0.061187599764669406,1.9409478820956811,1.9409478820956811,0.06214320333312051
98,0.0658060765644732,1.9369275493598588,1.9369275493598588,0.06544604157618064
99,0.07065686195508726,1.9327617206736993,1.9327617206736993,0.06879283273122022
100,0.07572508647885802,1.9284655852042674,1.9284655852042674,0.07216810672065249
101,0.08102384101022687,1.9240349826054284,1.9240349826054284,0.07556564197408053
102,0.0865363172160658,1.919485920563636,1.9194859205636363,0.07897045408572201
103,0.09227379189747913,1.9148157874274914,1.9148157874274918,0.08237508973069335
104,0.09821781358405238,1.9100409556268283,1.9100409556268285,0.08576568455243092
105,0.10437785005653112,1.9051600839161658,1.905160083916165,0.08913414700257773
106,0.1107342073833321,1.9001894013230567,1.9001894013230567,0.09246836255191927
107,0.11729466586256398,1.8951284610838186,1.8951284610838186,0.09576027015637817
108,0.1240387679629381,1.8899928238855748,1.8899928238855748,0.09900008038411436
109,0.13097282746097896,1.8847824950755863,1.8847824950755863,0.10218045923156671
110,0.1380761437754686,1.879511866742731,1.879511866742731,0.10529441612812827
111,0.1453538566754464,1.874180925169317,1.874180925169317,0.10833601970402906
112,0.1527855430432993,1.8688024585201657,1.8688024585201657,0.11130141220220685
113,0.16037549804562717,1.8633759734557105,1.8633759734557105,0.11418667482354317
114,0.16810405483250823,1.8579123181069723,1.8579123181069723,0.11699125125379017
115,0.17597499356998023,1.8524101064048737,1.852410106404874,0.11971374277461425
116,0.1839698041353115,1.846878034419522,1.8468780344195221,0.12235688675013694
117,0.19209204729632973,1.8413134886721805,1.8413134886721807,0.12492218256358437
118,0.20032466397233614,1.835722939067901,1.8357229390679013,0.12741547953080468
119,0.208671228959993,1.8301023118809294,1.8301023118809294,0.12984140591232532
120,0.2171163055219058,1.8244559177547732,1.8244559177547734,0.13220858020691856
121,0.22566363369888676,1.8187781073685638,1.8187781073685638,0.13452483262047887
122,0.23429944180352774,1.8130712340635147,1.8130712340635147,0.13680106631590944
123,0.24302769296501742,1.8073280837948937,1.8073280837948937,0.13904822294387773
124,0.25183619934851686,1.8015493770602584,1.8015493770602586,0.1412788856672
125,0.2607291090677807,1.7957264752239686,1.7957264752239688,0.14350684994787297
126,0.2696956262097877,1.78985889606035,1.7898588960603496,0.14574567512966904
127,0.2787399550019401,1.7839368439829784,1.7839368439829784,0.1480115834900334
128,0.2878524084961643,1.777959150217597,1.7779591502175973,0.15031832695589845
129,0.29703703945011173,1.7719152508114944,1.7719152508114944,0.15268395841653562
130,0.3062849205115873,1.765803870563766,1.765803870563766,0.15512157807407168
131,0.3155996849451173,1.759614174127682,1.759614174127682,0.15765030987148296
132,0.3249727776123681,1.7533453983117164,1.7533453983117164,0.16028171954148837
133,0.3344071079008234,1.746987020943707,1.7469870209437073,0.16303509602325
134,0.34389409894236106,1.7405394164781072,1.7405394164781074,0.16591957993648526
135,0.3534356249503381,1.7339930163309647,1.733993016330965,0.16895360689504385
136,0.3630227205772886,1.7273499267701427,1.7273499267701427,0.17214303800307318
137,0.3726559404955284,1.7206021841644181,1.7206021841644181,0.17550438240845162
138,0.3823256260461392,1.7137541420452507,1.713754142045251,0.1790394650324588
139,0.39203079106573746,1.7068000457427746,1.7068000457427746,0.18276182426476542
140,0.4017608738789875,1.6997468783366587,1.6997468783366587,0.18666866866967421
141,0.4115132240353749,1.6925915821207054,1.6925915821207056,0.19076965797118367
142,0.4212762900611749,1.6853439621033752,1.6853439621033754,0.19505707066497732
143,0.43104575975625625,1.6780039579261246,1.6780039579261246,0.19953603788558957
144,0.44080914533375126,1.6705841487772362,1.6705841487772362,0.2041939488737903
145,0.45056061673440784,1.6630875214148155,1.6630875214148155,0.20903113210096694
146,0.4602869453344794,1.6555291093321503,1.6555291093321503,0.21403054980792588
147,0.46998106543181967,1.647914705207609,1.6479147052076093,0.21918791999877724
148,0.47962932747695525,1.6402612031080415,1.6402612031080415,0.2244826856993458
149,0.4892238261361619,1.6325766648405515,1.6325766648405515,0.22990665133344212
150,0.498750898110724,1.6248790145167353,1.624879014516735,0.23543705731482997
151,0.5082022633977551,1.6171777895676431,1.6171777895676431,0.2410629643279178
152,0.5175646868351699,1.6094909537930895,1.6094909537930895,0.24676103076699862
153,0.5268299888073945,1.6018285512166648,1.6018285512166648,0.2525191097685485
154,0.5359857796200059,1.5942075434691592,1.5942075434691596,0.258315037702396
155,0.5450244028943627,1.5866374485537476,1.586637448553748,0.26413719384106954
156,0.5539346525552825,1.5791332548097072,1.5791332548097072,0.2699662920025523
157,0.5627097126848922,1.5717029809518628,1.5717029809518628,0.2757929659602548
158,0.5713397807992889,1.564358855540059,1.5643588555400592,0.2816022458388025
159,0.5798190591830155,1.5571065951655056,1.5571065951655056,0.2873885429578979
160,0.5881392347970938,1.549955151428225,1.549955151428225,0.29314221810589053
161,0.5962955581292361,1.5429073861810556,1.5429073861810554,0.2988626156021625
162,0.6042811662672355,1.5359687679413088,1.5359687679413088,0.30454591645553525
163,0.6120922574623042,1.5291390389394537,1.5291390389394537,0.31019708499069415
164,0.6197232843293173,1.5224202851404138,1.522420285140414,0.3158180620138659
165,0.6271711993416126,1.515809146715331,1.5158091467153307,0.32141961848913486
166,0.634431583559514,1.50930469059612,1.50930469059612,0.32700888902572506
167,0.6415019055723858,1.5029007152492566,1.5029007152492566,0.33260216660995784
168,0.648378681560031,1.4965938258198448,1.4965938258198448,0.33821080364385075
169,0.6550596638473484,1.4903754216558909,1.490375421655891,0.34385593137973797
170,0.6615421454704133,1.4842403179845987,1.4842403179845987,0.34955185645801623
171,0.6678239800675724,1.4781780724645859,1.4781780724645859,0.35532355934702103
172,0.673903145053321,1.4721824216501813,1.4721824216501813,0.36118687626558144
173,0.6797774960904839,1.4662416908430898,1.4662416908430898,0.3671694396413053
174,0.6854456859085882,1.4603492263288567,1.4603492263288567,0.3732871430663481
175,0.6909055760476626,1.4544927306387725,1.4544927306387725,0.37956895350381603
176,0.6961565735647285,1.4486657802422764,1.4486657802422764,0.3860293939238145
177,0.7011966598402929,1.442856026808787,1.4428560268087869,0.39269740185150465
178,0.7060261568260654,1.4370578013261528,1.4370578013261528,0.3995848140791216
179,0.7106433851784378,1.4312592137156985,1.4312592137156985,0.4067191876480005
180,0.7150498086175594,1.4254557636088405,1.4254557636088405,0.41410851809077326
181,0.719244397650104,1.4196364504217462,1.4196364504217462,0.42177769294120765
182,0.7232300293751501,1.4137982423251585,1.4137982423251583,0.4297299055391305
183,0.7270067036997384,1.4079313732455288,1.4079313732455288,0.4379861906123008
184,0.7305790015556224,1.402034467691536,1.402034467691536,0.4465441979608236
185,0.7339483724009873,1.396099248327066,1.396099248327066,0.45542007466482043
186,0.7371213816360097,1.3901260769024815,1.3901260769024815,0.4646054272594026
187,0.7401013558726224,1.3841083254902493,1.3841083254902493,0.4741106731983139
188,0.7428970856643523,1.3780480734417253,1.3780480734417253,0.48392113891715377
189,0.7455141733865804,1.3719404074692623,1.3719404074692623,0.49404090945218426
190,0.7479638051923975,1.3657890110862976,1.3657890110862976,0.5044490777921773
191,0.7502541908812357,1.3595906545466068,1.3595906545466068,0.5151430788894275
192,0.7523989835773748,1.3533504256556028,1.3533504256556028,0.5260961200011556
193,0.7544092280523419,1.3470666517813417,1.3470666517813417,0.5372989943984181
194,0.7563009913852221,1.340745547601511,1.3407455476015113,0.5487196826127009
195,0.7580882432896585,1.3343867800907372,1.3343867800907372,0.5603427003680396
196,0.7597892681481402,1.327997347419304,1.327997347419304,0.5721317691262593
197,0.7614208866380244,1.3215779565085104,1.3215779565085106,0.5840658582831323
198,0.7630032498038624,1.3151359950820065,1.3151359950820067,0.5961056853762883
199,0.7645557756474668,1.3086728429179253,1.3086728429179253,0.608225758289774
200,0.7660999784931014,1.302195852646388,1.302195852646388,0.6203852890654848
201,0.7676574385157408,1.2957066633276697,1.2957066633276697,0.6325557195245156
202,0.7692503920940135,1.2892121613226282,1.2892121613226282,0.6446964285688569
203,0.7709019791161842,1.2827138115535648,1.2827138115535648,0.6567774241877531
204,0.772634408265161,1.2762176238475569,1.2762176238475569,0.6687600053225911
205,0.774471640171171,1.2697244664565694,1.2697244664565694,0.6806145132323037
206,0.77643504026826,1.2632391120212163,1.2632391120212163,0.692305889536677
207,0.7785485602517522,1.2567614527281898,1.2567614527281898,0.7038065881514526
208,0.7808318940150961,1.250294740235166,1.250294740235166,0.7150867652511291
209,0.7833081209127536,1.2438375849400145,1.2438375849400145,0.726122647236303
210,0.7859944807048242,1.237391533348399,1.237391533348399,0.7368909091303981
211,0.7889123456433739,1.230953707456281,1.2309537074562813,0.74737296295747
212,0.7920758219670996,1.2245238795989803,1.2245238795989803,0.7575529391740818
213,0.7955038295367073,1.2180975932830265,1.2180975932830265,0.7674184938212072
214,0.7992068147609658,1.2116728990987429,1.2116728990987429,0.7769617102657316
215,0.8032006415505257,1.205243795963215,1.205243795963215,0.7861771155354255
216,0.8074917595265415,1.1988067828837614,1.1988067828837616,0.79506477019591
217,0.8120925525733342,1.1923544690196966,1.1923544690196966,0.8036262306062557
218,0.817005344378746,1.1858820766085052,1.1858820766085052,0.8118690924039641
219,0.8222388135925485,1.179381088125499,1.179381088125499,0.8198016358472138
220,0.8277912355518137,1.1728458079350184,1.1728458079350186,0.827438128659751
221,0.8336675571280168,1.1662669429354804,1.1662669429354804,0.8347928495526261
222,0.8398622699336284,1.1596382973364288,1.1596382973364288,0.8418855317310582
223,0.8463767428348609,1.1529502167579804,1.1529502167579804,0.8487353816832106
224,0.8532021004079744,1.146196454969221,1.146196454969221,0.8553661462203594
225,0.8603364347525717,1.1393674474054305,1.1393674474054305,0.8618006386563267
226,0.8677680268153303,1.1324573536106544,1.1324573536106541,0.8680650297628232
227,0.8754920983006057,1.1254571614862088,1.1254571614862088,0.874184271905925
228,0.8834946665755066,1.1183618770877664,1.1183618770877664,0.8801853378180713
229,0.8917685481103265,1.1111634928479754,1.1111634928479754,0.8860938057616151
230,0.9002980840054051,1.1038582693219792,1.1038582693219792,0.891935890542842
231,0.9090741641863153,1.096439626858778,1.096439626858778,0.8977363292478522
232,0.9180800039029863,1.0889054433434515,1.0889054433434515,0.9035191589230683
233,0.9273050187037385,1.0812509476899885,1.0812509476899885,0.9093069312124942
234,0.9367317758164614,1.0734759444984376,1.0734759444984376,0.9151202848671143
235,0.9463486101150538,1.065577798369143,1.065577798369143,0.9209784249176423
236,0.9561378207135954,1.0575584910488935,1.0575584910488935,0.9268976118244856
237,0.9660869748761454,1.0494177876723232,1.0494177876723232,0.9328927704825452
238,0.9761783713175027,1.0411600343099336,1.0411600343099336,0.9389750694257624
239,0.9863990303292771,1.0327875911995714,1.0327875911995714,0.9451544784545431
240,0.9967314023277901,1.0243072881258897,1.0243072881258897,0.9514366406268014
241,1.0071620872716598,1.0157241964169055,1.0157241964169055,0.9578261739585866
242,1.0176737303935022,1.0070476754401838,1.0070476754401838,0.9643230472345964
243,1.0282525519036592,0.9982855359363497,0.9982855359363498,0.9709264186156902
244,1.0388813414831308,0.9894496319972218,0.9894496319972219,0.9776307161083891
245,1.0495459104979707,0.9805504448391964,0.9805504448391964,0.9844298202421922
246,1.0602290721887744,0.9716021995859101,0.9716021995859101,0.9913130248623014
247,1.0709161536952843,0.9626178727117601,0.9626178727117601,0.9982693976842816
248,1.081589829173548,0.9536138402407568,0.9536138402407568,1.0052837611499963
249,1.0922348485106996,0.9446052857790003,0.9446052857790002,1.0123410986292718
250,1.1028335749880755,0.9356104146479344,0.9356104146479344,1.019422653079818
251,1.1133701022497617,0.9266462146251225,0.9266462146251225,1.0265102830503094
252,1.1238263358773903,0.91773229721191,0.91773229721191,1.0335827336266057
253,1.1341856803580257,0.9088869417268403,0.9088869417268403,1.040619880835843
254,1.1444294945925684,0.9001306484603023,0.9001306484603023,1.0475991894692704
255,1.1545405364023684,0.8914823801641346,0.8914823801641346,1.054499813523022
256,1.1644996155102647,0.8829629304064759,0.8829629304064759,1.0612992230297684
257,1.174288984349003,0.8745912659491757,0.8745912659491757,1.067977149479856
258,1.183889008849656,0.8663878255111419,0.8663878255111419,1.0745123418900113
259,1.193281690536098,0.8583708627386648,0.8583708627386648,1.0808863586866915
260,1.2024471763924833,0.8505597945123349,0.850559794512335,1.087080403695761
261,1.2113675878546486,0.842971447412309,0.842971447412309,1.0930789699550802
262,1.2200231973001396,0.8356235699214091,0.8356235699214091,1.0988667093359763
263,1.2283967239460294,0.828530895195606,0.828530895195606,1.1044319305051926
264,1.2364690174351736,0.8217089180052007,0.8217089180052006,1.1097634699929757
265,1.2442239582747265,0.8151697025285527,0.8151697025285526,1.1148540382116008
266,1.2516435097711636,0.8089260034227078,0.8089260034227078,1.1196970818874936
267,1.2587133311654335,0.8029867681917282,0.8029867681917281,1.1242899613596806
268,1.2654170885721348,0.7973616539591833,0.7973616539591833,1.1286308201107633
269,1.271742852396011,0.792056198371403,0.792056198371403,1.1327215664094155
270,1.2776765960691272,0.7870767516665699,0.7870767516665699,1.1365647903184593
271,1.2832094061348678,0.7824253165129572,0.7824253165129572,1.1401665158985177
272,1.288330143728944,0.7781048814359529,0.7781048814359529,1.143533224771836
273,1.2930334469164944,0.774113956793921,0.774113956793921,1.1466743439726623
274,1.2973115824088193,0.7704522632344132,0.7704522632344131,1.1495994439677226
275,1.3011631670048744,0.7671150164525992,0.767115016452599,1.1523204335994015
276,1.3045842935047915,0.7640988956070129,0.7640988956070129,1.154848996876381
277,1.3075778437944938,0.7613961518818642,0.7613961518818642,1.1571984812501819
278,1.3101440301233578,0.759000758786774,0.759000758786774,1.1593816206948895
279,1.3122901195071206,0.7569024372496499,0.7569024372496498,1.1614121267321418
280,1.3140205857761984,0.7550928739871134,0.7550928739871134,1.1633027163109821
281,1.3153470171617958,0.7535597674780361,0.753559767478036,1.1650664454099573
282,1.316278121798598,0.7522929930662496,0.7522929930662496,1.1667150216056803
283,1.316829551598216,0.751278778585503,0.751278778585503,1.1682599555125845
284,1.3170140401592478,0.7505056959381933,0.7505056959381933,1.1697110935342305
285,1.3168508504341645,0.7499590716189873,0.7499590716189873,1.171077699678062
286,1.3163563454096276,0.749626694124936,0.7496266941249359,1.172367098451103
287,1.3155527585167335,0.749493552868192,0.749493552868192,1.1735858348325354
288,1.3144595005942488,0.7495471684444003,0.7495471684444003,1.1747382755607434
289,1.313100963722253,0.749772733649196,0.749772733649196,1.1758280240362788
290,1.3114988501930058,0.7501579985599375,0.7501579985599375,1.1768562951855244
291,1.3096787546625905,0.7506888603195317,0.7506888603195317,1.1778237806498386
292,1.3076637604626618,0.7513537660602018,0.7513537660602018,1.1787285923278392
293,1.3054796024402249,0.7521397650623427,0.7521397650623427,1.1795687777457002
294,1.3031497125844695,0.7530364283471527,0.7530364283471527,1.1803396237578725
295,1.3006988457295983,0.7540323395222122,0.7540323395222122,1.1810370097687195
296,1.2981496713432856,0.7551185686493662,0.7551185686493661,1.1816538782742416
297,1.2955248436116826,0.7562855387428014,0.7562855387428014,1.182184583134501
298,1.292845132289625,0.7575261312132762,0.757526131213276,1.1826203686958634
299,1.290130032945193,0.7588328260998949,0.7588328260998948,1.1829548215525478
300,1.2873973117712019,0.7602005546445748,0.7602005546445748,1.1831782544510026
301,1.2846623746847818,0.7616239756087516,0.7616239756087516,1.183284304379866
302,1.2819389754186539,0.7631002247761965,0.7631002247761965,1.183263189345612
303,1.279237686241364,0.7646261598412678,0.7646261598412678,1.1831094160619604
304,1.2765673933676926,0.7662011842324815,0.7662011842324815,1.1828139635462074
305,1.273933329026019,0.7678242716113983,0.7678242716113983,1.1823729742269313
306,1.2713388620520316,0.769497059818298,0.7694970598182979,1.1817790133961033
307,1.2687836524294513,0.7712204552112824,0.7712204552112824,1.1810305232362177
308,1.2662651469472077,0.7729981995359451,0.7729981995359451,1.180122405723452
309,1.263777495097259,0.77483285590131,0.77483285590131,1.179055925519885
310,1.2613120885500766,0.7767300452614864,0.7767300452614864,1.177828959579905
311,1.2588579242007503,0.7786936309041388,0.7786936309041386,1.1764459479736482
312,1.2564004895142298,0.7807308009894027,0.7807308009894027,1.17490823961579
313,1.2539242686443808,0.7828462974651772,0.7828462974651772,1.1732236157892137
314,1.2514092792987508,0.785048486536363,0.785048486536363,1.1713972317053774
315,1.2488363868834444,0.7873425206281658,0.7873425206281658,1.1694401814330913
316,1.2461808462171176,0.7897374904283792,0.7897374904283792,1.1673615835829299
317,1.2434210140591775,0.7922384638429742,0.7922384638429742,1.1651756237015314
318,1.2405283422083846,0.7948547529051886,0.7948547529051886,1.162895354258391
319,1.237479960007987,0.7975908397938902,0.7975908397938902,1.1605376458784524
320,1.2342447031263923,0.8004557217879393,0.8004557217879393,1.158119263055723
321,1.230799876261669,0.8034528087905954,0.8034528087905954,1.1556591825617524
322,1.2271130808694943,0.806590232699694,0.806590232699694,1.1531774641827854
323,1.223163268109396,0.8098698802363481,0.8098698802363478,1.1506944558847803
324,1.2189183433128,0.813298473281282,0.813298473281282,1.1482329019899689
325,1.2143603863955081,0.8168759812320461,0.8168759812320461,1.1458136514675492
326,1.2094592531061732,0.8206072001785951,0.8206072001785951,1.1434613344744464
327,1.2042015833363644,0.8244898660528878,0.8244898660528878,1.1411963220285295
328,1.1985608792276154,0.828526387460696,0.828526387460696,1.1390441576076573
329,1.1925296522437585,0.83271204969713,0.8327120496971302,1.1370236808903444
330,1.1860867241575173,0.8370464932367102,0.8370464932367102,1.135160227970201
331,1.17923159504281,0.8415224542759241,0.8415224542759241,1.1334700237584185
332,1.1719499713869337,0.8461365328492979,0.8461365328492979,1.1319769683492111
333,1.164249185014846,0.8508789531124243,0.8508789531124243,1.1306936142258455
334,1.1561231880951803,0.8557431359857842,0.8557431359857842,1.1296411457663866
335,1.147587634486195,0.8607169776861009,0.8607169776861009,1.128827477887368
336,1.1386457784768336,0.8657907352193069,0.8657907352193069,1.128269821294161
337,1.1293216624703393,0.8709503115366208,0.8709503115366208,1.1279706553638087
338,1.1196284992910255,0.8761829806014381,0.8761829806014381,1.1279420662724
339,1.1095983096338329,0.8814731303343895,0.8814731303343895,1.1281805436097703
340,1.099254442295785,0.886805398499037,0.886805398499037,1.1286920961915792
341,1.0886359846984726,0.8921632605363832,0.8921632605363832,1.1294669832180826
342,1.0777760697042074,0.8975292176261783,0.8975292176261783,1.1305044681777894
343,1.0667194515302174,0.9028865279039643,0.9028865279039643,1.1317887061718013
344,1.055508154159588,0.9082161813961694,0.9082161813961694,1.1333119038847048
345,1.044190766004028,0.9135019642973404,0.9135019642973404,1.135052632301649
346,1.0328168009460885,0.9187240678429864,0.9187240678429864,1.1369961320693465
347,1.0214365143987478,0.9238675523365825,0.9238675523365825,1.1391162966114166
348,1.0101050776442149,0.928912562580678,0.9289125625806778,1.1413919053394506
349,0.9988720449999754,0.9338461283421634,0.9338461283421634,1.1437934228606954
350,0.9877960959328038,0.9386490906934895,0.9386490906934895,1.1462940602647365
351,0.9769236714178985,0.9433110461357007,0.9433110461357009,1.1488623645485023
352,0.9663146331509609,0.9478142185532298,0.9478142185532298,1.1514671973315744
353,0.9560100158551402,0.9521512324300926,0.9521512324300926,1.1540768537741957
354,0.9460685107292727,0.9563062867579272,0.9563062867579272,1.1566572989182073
355,0.9365237256426101,0.9602753347563057,0.9602753347563056,1.1591782717322676
356,0.9274309459571408,0.9640450226253372,0.9640450226253372,1.1616044163122945
357,0.9188147316773188,0.9676147634267986,0.9676147634267986,1.1639085130407734
358,0.9107249692550642,0.9709739902427372,0.9709739902427372,1.1660554649565151
359,0.9031760402665361,0.9741255431088656,0.9741255431088656,1.1680224758351005
360,0.8962107778725791,0.9770618500585022,0.9770618500585022,1.1697761781992884
361,0.8898327944162902,0.9797889991870038,0.9797889991870038,1.1712992697653135
362,0.8840766178859535,0.9823025013295152,0.9823025013295155,1.1725613752095245
363,0.8789350485015449,0.9846113939420581,0.9846113939420581,1.17355137928277
364,0.8744334913039513,0.9867142566132762,0.9867142566132762,1.1742428774981843
365,0.8705544111567,0.9886226878525948,0.9886226878525948,1.1746312250588313
366,0.8673137096265847,0.9903382413630818,0.9903382413630818,1.1746946334735369
367,0.8646844553598424,0.9918746287931743,0.9918746287931743,1.1744348039571326
368,0.862673083313131,0.9932362234776019,0.9932362234776019,1.1738348539927768
369,0.8612445894320252,0.994438369343856,0.994438369343856,1.1729023315394047
370,0.8603963592295394,0.995488062555488,0.995488062555488,1.1716252001231515
371,0.8600869330540134,0.9964017868992627,0.9964017868992627,1.1700160395862826
372,0.8603053952250831,0.9971889349897806,0.9971889349897806,1.1680672792875952
373,0.8610056443585583,0.997866641912336,0.997866641912336,1.1657954795836236
374,0.862169485578029,0.9984464482805068,0.9984464482805068,1.1631968855183539
375,0.8637480889294871,0.998945665587392,0.998945665587392,1.1602908419882227
376,0.8657172135972503,0.9993777146153303,0.9993777146153303,1.1570765563015315
377,0.8680272196142763,0.9997596273463029,0.9997596273463029,1.1535749148020575
378,0.8706491993352612,1.0001064164986808,1.0001064164986808,1.1497871084305868
379,0.8735345397015184,1.0004343998923282,1.0004343998923282,1.1457343707555927
380,0.8766511247473914,1.0007598702601497,1.0007598702601497,1.141418856655722
381,0.8799530461761593,1.0010980187810075,1.0010980187810075,1.136861089427137
382,0.8834064519123117,1.0014660786468736,1.0014660786468736,1.1320632118208576
383,0.8869695916607607,1.0018777251036846,1.0018777251036846,1.1270441899215966
384,0.8906083000711339,1.0023507615825074,1.0023507615825074,1.121805301597782
385,0.894286161687636,1.0028969836637718,1.0028969836637718,1.116363374293553
386,0.8979700128157382,1.0035343634390659,1.003534363439066,1.110718160924825
387,0.9016296366251229,1.0042724832872334,1.0042724832872334,1.1048840668930355
388,0.9052340260221892,1.005129053844398,1.005129053844398,1.0988589071023087
389,0.9087596928275088,1.006111148368823,1.006111148368823,1.0926546875713417
390,0.9121787376508086,1.0072357645771086,1.0072357645771086,1.0862671545229245
391,0.9154745926438508,1.008507218601663,1.0085072186016633,1.0797062264544368
392,0.9186231793425915,1.0099413344195973,1.0099413344195973,1.0729657462728912
393,0.9216147147084541,1.0115394837470786,1.0115394837470786,1.0660541055219324
394,0.9244293937314036,1.013315863353877,1.013315863353877,1.0589636956676556
395,0.9270637814359522,1.0152687884001397,1.01526878840014,1.0517021293544526
396,0.9295025277065551,1.0174104030493547,1.0174104030493547,1.0442610524233737
397,0.9317478471631572,1.0197359436097597,1.0197359436097597,1.036648156698632
398,0.9337887579267948,1.0222551276475422,1.0222551276475422,1.0288552484180062
399,0.9356322153652599,1.0249601932846093,1.0249601932846093,1.0208909788923755
400,0.9372712680308805,1.0278581328253646,1.0278581328253646,1.01274834980778
401,0.9387165538613923,1.0309383792283073,1.0309383792283073,1.0044377834559965
402,0.9399645937790176,1.0342049981423427,1.0342049981423427,0.9959545579615382
403,0.9410285688524662,1.0376449262125582,1.0376449262125582,0.9873115228612166
404,0.9419077379859759,1.0412592154973357,1.0412592154973357,0.9785072716788088
405,0.9426166763974481,1.0450327266384016,1.0450327266384016,0.9695575084598944
406,0.9431565252045426,1.0489635354503914,1.0489635354503914,0.9604650541773211
407,0.9435421665370403,1.0530349449203136,1.0530349449203136,0.9512486118801535
408,0.9437757093012114,1.0572422167277877,1.0572422167277877,0.941915941349397
409,0.9438713832669944,1.0615676899521451,1.0615676899521451,0.9324885783259667
410,0.9438313582373272,1.066004089212882,1.066004089212882,0.9229796764023371
411,0.9436684366581812,1.07053342807918,1.07053342807918,0.9134131277761834
412,0.9433840145340222,1.0751462664581763,1.0751462664581763,0.9038076459204463
413,0.9429889183696839,1.0798249389872272,1.0798249389872272,0.8941887231253923
414,0.9424830659576743,1.0845582806145861,1.0845582806145864,0.8845805025360154
415,0.9418750099412335,1.0893295630159212,1.0893295630159212,0.8750090953474736
416,0.941162662851074,1.0941263701402835,1.0941263701402835,0.8655036647936472
417,0.9403522611227705,1.0989334588898843,1.098933458889884,0.8560898093728944
418,0.9394393952352691,1.1037376353601953,1.1037376353601953,0.8468010607264864
419,0.9384281842041856,1.1085255903818916,1.1085255903818916,0.8376613076743855
420,0.9373118070701448,1.1132837913025313,1.1132837913025313,0.8287076081664515
421,0.936092673676124,1.1180011890312973,1.1180011890312973,0.8199609653969686
422,0.934761691134076,1.1226642889678422,1.1226642889678422,0.8114609902569624
423,0.9333201325773954,1.1272644932962224,1.1272644932962224,0.8032247245858325
424,0.9317569889438096,1.1317886389562568,1.1317886389562568,0.7952932874966631
425,0.9300730791531936,1.1362306345681321,1.1362306345681321,0.7876788491312076
426,0.928256025594967,1.1405778462675096,1.1405778462675096,0.7804229759882427
427,0.926306927259808,1.144826617802507,1.144826617802507,0.7735322685027527
428,0.9242127441595636,1.1489649424639032,1.1489649424639032,0.7670477105790818
429,0.921975583582628,1.1529914198179758,1.1529914198179758,0.7609698745802475
430,0.9195825682133002,1.1568946726751062,1.156894672675106,0.7553381998606784
431,0.9170374819393086,1.1606752940515244,1.1606752940515244,0.7501470207404777
432,0.9143285101834441,1.1643224538517598,1.1643224538517598,0.7454333656923346
433,0.911461674414937,1.1678384218409534,1.1678384218409534,0.7411853625122217
434,0.9084271513968576,1.1712127637748464,1.1712127637748464,0.7374368775868158
435,0.9052336143995717,1.174449085037732,1.174449085037732,0.7341700865322462
436,0.9018741407188148,1.1775371467447033,1.1775371467447033,0.7314150710298251
437,0.8983602921156926,1.1804815531475392,1.1804815531475392,0.7291485053231961
438,0.8946888878007756,1.183272032678027,1.183272032678027,0.7273962017529364
439,0.8908744154330784,1.1859138819544377,1.1859138819544377,0.7261299499627296
440,0.8869181620645683,1.1883965636407738,1.1883965636407738,0.7253709530775325
441,0.8828373669528466,1.1907258120154676,1.1907258120154676,0.725086866885278
442,0.8786383502853103,1.1928906079681343,1.1928906079681343,0.7252940949330083
443,0.8743407143539461,1.1948969367285334,1.1948969367285334,0.7259570119375172
444,0.8699561768108903,1.1967331190723802,1.1967331190723802,0.7270871834480422
445,0.8655061082916089,1.1984052826238756,1.1984052826238756,0.7286466266257638
446,0.8610077547839091,1.1999009653023671,1.1999009653023671,0.7306421816111972
447,0.8564834742645427,1.2012264103756047,1.2012264103756047,0.733034471404909
448,0.8519559171442694,1.2023683199172597,1.2023683199172597,0.7358258685789391
449,0.8474474937089573,1.2033331048515197,1.2033331048515197,0.7389765743614866
450,0.8429858731095187,1.2041066575190504,1.2041066575190504,0.7424848848142016
451,0.8385924737494374,1.204695677653826,1.204695677653826,0.7463115294622342
452,0.834299345799759,1.2050853567945123,1.2050853567945123,0.7504512328405019
453,0.8301258188574605,1.2052828580887345,1.2052828580887345,0.7548661488736014
454,0.82610746176224,1.2052728616490052,1.2052728616490052,0.7595480228068825
455,0.8222604310723519,1.2050632013322369,1.2050632013322369,0.7644612439342297
456,0.8186227714336998,1.2046383072404248,1.2046383072404248,0.7695952246359778
457,0.8152064650577108,1.2040068996150592,1.2040068996150592,0.774917286324303
458,0.812050866804612,1.203153478227336,1.203153478227336,0.7804151717842952
459,0.8091629356208324,1.2020878478718813,1.2020878478718813,0.7860596922659885
460,0.8065821147654068,1.2007949380369318,1.2007949380369318,0.7918375624883859
461,0.8043097057469265,1.199285793554565,1.199285793554565,0.7977234841404784
462,0.8023840312055287,1.1975461537409242,1.1975461537409242,0.8037037273492309
463,0.8008003648051715,1.1955883941319019,1.1955883941319019,0.8097571185454101
464,0.7995947773096438,1.193399443275315,1.193399443275315,0.8158699780774871
465,0.7987564384646301,1.1909930162544675,1.1909930162544675,0.8220253262976712
466,0.79831816863239,1.1883575902066177,1.1883575902066177,0.8282099178274728
467,0.7982632608573904,1.1855081364553228,1.1855081364553228,0.8344108828533379
468,0.798620459887176,1.1824350037088358,1.1824350037088358,0.8406156716692156
469,0.7993676992534074,1.179154241224238,1.179154241224238,0.8468153085249082
470,0.8005290200711735,1.1756583436231238,1.1756583436231238,0.8529980768475328
471,0.8020777698170332,1.1719641693937735,1.1719641693937735,0.8591585766658464
472,0.8040328622757398,1.1680665770286671,1.1680665770286671,0.8652859464823691
473,0.8063640385826918,1.1639828864072317,1.1639828864072317,0.8713779750624857
474,0.8090848580841808,1.1597104781095473,1.1597104781095473,0.8774245786013343
475,0.8121625807394293,1.1552667229430147,1.1552667229430147,0.8834263137503823
476,0.8156053616431185,1.1506516225061747,1.1506516225061747,0.8893737190869896
477,0.8193791846691734,1.1458821454695391,1.1458821454695391,0.8952696973605321
478,0.8234869012367148,1.140960957512943,1.140960957512943,0.9011052001354601
479,0.8278944396725424,1.1359041511882182,1.1359041511882182,0.9068850816075171
480,0.8325995680965408,1.1307170489003304,1.1307170489003304,0.9126004665879162
481,0.8375693366363169,1.1254143938176717,1.1254143938176717,0.9182578146133107
482,0.8427967393909296,1.120004113911697,1.120004113911697,0.9238481752397629
483,0.8482510330837829,1.114499150572656,1.114499150572656,0.9293793296279987
484,0.8539208072820342,1.1089099494603536,1.1089099494603536,0.934842012835223
485,0.859778479427297,1.1032472362657217,1.1032472362657217,0.9402451126125868
486,0.8658086393447365,1.0975238567854684,1.0975238567854684,0.945578833245687
487,0.8719876623953015,1.0917479599201447,1.0917479599201447,0.9508530222460844
488,0.8782965583500038,1.0859346510701084,1.0859346510701084,0.9560571690762121
489,0.8847162859480469,1.0800892048313362,1.0800892048313362,0.9612019964235291
490,0.891224693659858,1.0742288288560855,1.0742288288560855,0.9662761321837443
491,0.89780777273843,1.0683556965466396,1.0683556965466396,0.9712911420135562
492,0.9044406165396225,1.062488949193219,1.062488949193219,0.9762346843307829
493,0.9111145256807567,1.0566275062110446,1.0566275062110446,0.981119175773678
494,0.9178022239844955,1.050792267573564,1.050792267573564,0.9859312349246253
495,0.9245004368607267,1.0449788201787487,1.0449788201787487,0.9906841646759362
496,0.9311798784592398,1.0392096456671824,1.0392096456671822,0.9953635076871877
497,0.9378426688901413,1.0334769913999469,1.0334769913999469,0.9999835031239743
498,0.9444578439282887,1.0278047452439305,1.0278047452439305,1.00452861136843
499,0.9510327620530795,1.0221818743002196,1.0221818743002196,1.0090140614929972
500,0.9575350822708025,1.016633501792874,1.016633501792874,1.0134232498361924
501,0.9639771400533724,1.0111454329689573,1.0111454329689573,1.017772443484252
502,0.9703254896725727,1.0057438624790684,1.0057438624790682,1.0220440123183125
503,0.9765970990192094,1.0004116026641783,1.0004116026641783,1.0262552971744021
504,0.9827576610905397,0.9951757643709215,0.9951757643709215,1.0303876934629512
505,0.9888283698964756,0.9900163770535981,0.9900163770535981,1.0344596346318407
506,0.9947742736326406,0.9849613224236042,0.9849613224236042,1.038451603584679
507,1.0006203446739705,0.9799880883007104,0.9799880883007104,1.04238312604996
508,1.00633117784939,0.9751251925266254,0.9751251925266254,1.0462338406025324
509,1.0119350531463909,0.9703478440349039,0.9703478440349039,1.050024345293506
510,1.017396280558981,0.9656850729319427,0.9656850729319427,1.0537335056994825
511,1.0227459701494273,0.9611100842806494,0.9611100842806493,1.0573829536837627
512,1.0279482948904417,0.9566523073862404,0.9566523073862404,1.0609508539223789
