,smallcell1 vs. smallcell1,smallcell1 vs. smallcell2,smallcell2 vs. smallcell1,smallcell2 vs. smallcell2
0,1.5935633514493295,0.1652688465979377,0.16526884659793767,1.8379594159876251
1,1.5935827792182058,0.16753708151128538,0.16753708151128538,1.8349471607318766
2,1.5935393974348302,0.16994962312214434,0.16994962312214415,1.8320916373135845
3,1.5934164050855122,0.17252822803040818,0.172528228030408,1.8293871615269648
4,1.5931911717365808,0.17529333815273476,0.17529333815273473,1.8268325066974338
5,1.5928498831982736,0.17821938992921366,0.1782193899292136,1.8244385554904081
6,1.592373262079079,0.18130789627233207,0.18130789627233196,1.8221966388528745
7,1.5917414698714618,0.1845575684247628,0.1845575684247627,1.8200959317508936
8,1.5909193143062297,0.18798859582861524,0.18798859582861524,1.818121087682006
9,1.5898971528848709,0.19156705054589415,0.1915670505458941,1.8162625035519173
10,1.5886649632093046,0.19527119302946513,0.19527119302946505,1.814505587471038
11,1.5872134507646372,0.19908265109504672,0.19908265109504666,1.8128360114124482
12,1.5855334192031802,0.20298378882433538,0.20298378882433538,1.8112419216389424
13,1.58361935822139,0.20695229436537887,0.20695229436537896,1.809716321746555
14,1.5815005595572247,0.21094674218307552,0.2109467421830755,1.8082573747833386
15,1.5791971173715533,0.21494252074740833,0.21494252074740827,1.8068679040200755
16,1.5767353897900798,0.21891797541396057,0.21891797541396057,1.8055557619896416
17,1.5741396554692109,0.22285778282832985,0.2228577828283298,1.8043370375182775
18,1.5714540231393486,0.22675043865290953,0.22675043865290948,1.8032251918510438
19,1.5687150904741824,0.23059845760089076,0.23059845760089076,1.8022302207996428
20,1.5659520549859345,0.23441595229962997,0.23441595229962997,1.8013577902418387
21,1.563187550074313,0.23822898955154026,0.23822898955154034,1.800605863644726
22,1.5604357277265866,0.24208059708578314,0.2420805970857831,1.799959651532088
23,1.5576990782590865,0.24601635468608524,0.2460163546860853,1.7993771238269813
24,1.5549673139651856,0.25009005118056127,0.25009005118056116,1.7988058395661632
25,1.552219899143669,0.2543587128701153,0.25435871287011536,1.7981769266119887
26,1.5494227321824048,0.25889491607032117,0.2588949160703211,1.7973945675600767
27,1.5465364173372689,0.26375006955488606,0.26375006955488606,1.796354813123299
28,1.5435215260512607,0.268960850968542,0.2689608509685421,1.7949577963700805
29,1.5403368052875306,0.27455950118493977,0.2745595011849397,1.7930999683407136
30,1.536940813083375,0.28056893076753436,0.2805689307675345,1.7906769524603223
31,1.5332831345892206,0.28701402685899574,0.2870140268589957,1.787559696976303
32,1.5293496911237832,0.29385491137347347,0.29385491137347336,1.783714626686768
33,1.525120123903895,0.3010640909661312,0.3010640909661311,1.7790926322870564
34,1.520580841735064,0.3086027190858559,0.30860271908585574,1.7736646855867964
35,1.5157117577410777,0.31643137811109884,0.31643137811109884,1.7673888773306743
36,1.5105161082262157,0.32448631846970494,0.3244863184697049,1.7602902790293313
37,1.5050060888459953,0.3327055820296859,0.3327055820296859,1.7524210954912791
38,1.499188160081506,0.341037703427552,0.34103770342755196,1.7438215130592098
39,1.4930701038109047,0.34943717680150227,0.3494371768015021,1.7345364197581168
40,1.4866489115081654,0.3578639164356731,0.35786391643567317,1.724586394080961
41,1.479956940286422,0.3662934325105453,0.3662934325105453,1.7140653302310307
42,1.4730114708506294,0.3747156290012563,0.37471562900125627,1.7030213602369897
43,1.4658334222260425,0.38313292761242373,0.38313292761242357,1.6914983740395704
44,1.4584435414563401,0.39155901747934846,0.39155901747934846,1.6795237183938285
45,1.4508769613962884,0.4000239247723724,0.40002392477237236,1.6671371325698048
46,1.4431735451067114,0.4085669909101562,0.4085669909101562,1.6543777961181263
47,1.4353706012048764,0.4172332724782152,0.4172332724782152,1.6412680068405445
48,1.4275063659590672,0.426073416127043,0.42607341612704297,1.6278249959261393
49,1.419625098548149,0.43515556908418745,0.4351555690841874,1.6140495166471118
50,1.4117571061385554,0.4445298449208784,0.4445298449208783,1.5999606432346407
51,1.4039252004654514,0.4542522618554369,0.4542522618554369,1.5855556853403645
52,1.3961416206268553,0.46437729796494076,0.4643772979649408,1.5708243564264857
53,1.3884106615456655,0.47496814705888996,0.4749681470588902,1.555743498616945
54,1.380715385679915,0.4860770156765431,0.4860770156765431,1.5402846309725116
55,1.373017331140235,0.4977325373790453,0.4977325373790454,1.524419088163074
56,1.3652709449850202,0.5099689404748089,0.5099689404748091,1.508108274039477
57,1.3574198671189515,0.5228132865000173,0.5228132865000172,1.4913113285149968
58,1.3493927899675389,0.536310330821368,0.536310330821368,1.4739709237783798
59,1.3411185875620217,0.5504434516140727,0.5504434516140727,1.4560636719701456
60,1.3325307477689055,0.5652095796150349,0.5652095796150348,1.4375611682203526
61,1.3235681241000683,0.5805983097420064,0.5805983097420063,1.4184418735796513
62,1.3141705668398036,0.5965972891524174,0.5965972891524176,1.3986861433900164
63,1.3042928422763758,0.6131757805445172,0.6131757805445172,1.3782892106972264
64,1.2939239265051492,0.6302833215858457,0.6302833215858455,1.3572673056948983
65,1.2830566576884888,0.6478768250577657,0.6478768250577654,1.3356303453105824
66,1.271697814566824,0.6659094669865474,0.6659094669865472,1.3133906140721885
67,1.2598551422269595,0.6843299438896177,0.6843299438896177,1.2905540180032506
68,1.2475750233214926,0.7030857584630638,0.7030857584630635,1.2671390360879444
69,1.2348962767873333,0.7221359020116164,0.7221359020116163,1.2431516703311245
70,1.2218577564976096,0.7414471541483914,0.7414471541483911,1.2185925980040384
71,1.2084976218387329,0.7609915147916183,0.7609915147916181,1.1934588002280448
72,1.1948541351788207,0.780752287025061,0.7807522870250608,1.1677486403372788
73,1.180954796386869,0.8007429252048365,0.8007429252048363,1.1414653798541712
74,1.166816739072525,0.8209816429055218,0.8209816429055214,1.1146177639223842
75,1.1524480175889489,0.8414986964584561,0.841498696458456,1.0872261284136435
76,1.1378529525399215,0.862328455576191,0.8623284555761909,1.0593379003864276
77,1.1230162499593304,0.8835293115585858,0.8835293115585858,1.031011998038345
78,1.1079176492847738,0.905155497826761,0.905155497826761,1.002324472179732
79,1.0925328040877464,0.9272584431305408,0.9272584431305406,0.9733712952424972
80,1.0768344302801258,0.9498852176235462,0.9498852176235457,0.9442776549200745
81,1.0607925605598012,0.973074644812695,0.9730746448126946,0.9152051030635395
82,1.0443748998451432,0.9968504358241479,0.9968504358241476,0.8862555803603546
83,1.0275548327574482,1.0212202462633024,1.021220246263302,0.857557347920474
84,1.010310018313691,1.0461742406683228,1.0461742406683228,0.829231312440348
85,0.992626576680619,1.0716717153096098,1.0716717153096096,0.8014556724935347
86,0.9744989061231725,1.0976543580547808,1.0976543580547806,0.7742854746348843
87,0.9559320099050264,1.1240460623831448,1.1240460623831448,0.7477624004857875
88,0.9369443854724321,1.15074573515657,1.15074573515657,0.7219306294909518
89,0.9175731245435121,1.1776187910450089,1.1776187910450089,0.6968354933169434
90,0.8978863598389952,1.204473371901613,1.2044733719016127,0.6725397687598804
91,0.8779491171495911,1.2311760650538457,1.2311760650538457,0.6489514039760069
92,0.8578547018170766,1.2575487461330455,1.2575487461330457,0.6260518702593421
93,0.8377154158517947,1.2834069316807226,1.2834069316807226,0.6038193130141334
94,0.8176937835794129,1.3084990084889332,1.3084990084889332,0.5822849115178411
95,0.7979275439697212,1.33268135045449,1.33268135045449,0.5613947372067128
96,0.7785492865984063,1.3558477224856762,1.355847722485676,0.5411119433638666
97,0.7597028055434402,1.3778951055347282,1.3778951055347286,0.5214356054051438
98,0.7415316052370896,1.3987478248550056,1.3987478248550056,0.5023812156300639
99,0.7242054816057691,1.4183270298146964,1.4183270298146964,0.4840027571229027
100,0.7077487007186852,1.4367688025042633,1.4367688025042633,0.4662625886433252
101,0.6922137417376684,1.4541563934845878,1.4541563934845878,0.44918016789622733
102,0.67762063201043,1.4706059075029903,1.4706059075029903,0.4327722254464248
103,0.6639962448648783,1.4862279153354179,1.4862279153354179,0.4170809082893896
104,0.6512737049868155,1.501203311526121,1.501203311526121,0.4020950237909354
105,0.6393566775002236,1.5156971415562803,1.5156971415562803,0.38778729560782527
106,0.6281600422629814,1.52983406682485,1.5298340668248498,0.37414118942655444
107,0.6175916761707789,1.5437132735862626,1.5437132735862626,0.3611334191996989
108,0.6075753455623845,1.557397830991487,1.557397830991487,0.34875917337061135
109,0.5979785994294687,1.5709294024525688,1.5709294024525688,0.3369342801826006
110,0.588719571453537,1.5843015156840707,1.5843015156840707,0.3256105934175379
111,0.5797298250967353,1.5974794534803922,1.597479453480392,0.3147373871161582
112,0.5709620755232349,1.6103950389659847,1.6103950389659847,0.30427523284686603
113,0.5623768257796504,1.6229687348587585,1.6229687348587585,0.2941670024501096
114,0.5539513262396183,1.6351311171614262,1.6351311171614265,0.284356525227748
115,0.5456812608827248,1.646813078398259,1.646813078398259,0.27480484432570185
116,0.537571292227446,1.657960355447473,1.6579603554474729,0.26547925345743023
117,0.529639856152017,1.6685061680592863,1.6685061680592863,0.256361552380929
118,0.5218868421937777,1.6784877322578828,1.6784877322578828,0.24742018223848963
119,0.514314498607197,1.6879385847454251,1.6879385847454251,0.2386412642907685
120,0.5069157169766321,1.6969207238454194,1.6969207238454194,0.23001468328865365
121,0.4996734334728962,1.7055149755088226,1.7055149755088226,0.22153491946246623
122,0.49254960984344603,1.7138424759221431,1.7138424759221433,0.21319437687700085
123,0.4854930986634601,1.7220345504913441,1.7220345504913441,0.2049839494454085
124,0.47844674099435613,1.730211568011141,1.7302115680111407,0.19689681060877162
125,0.47134726005156935,1.7384865519608137,1.7384865519608141,0.1889255873010168
126,0.4641094954614033,1.7469855923050028,1.7469855923050026,0.18106195712588027
127,0.4566797129254856,1.7557705019270586,1.7557705019270589,0.17329736013932112
128,0.44900762325618676,1.7648866297240027,1.7648866297240027,0.16562697544343846
129,0.44105552807601944,1.7743547829513053,1.7743547829513053,0.15804901100476154
130,0.43278831649241656,1.784186531405945,1.784186531405945,0.15056423945801498
131,0.4241966460387814,1.794361296132882,1.7943612961328823,0.14317891029420135
132,0.4153183676718475,1.8048139569955723,1.8048139569955723,0.13590687469022775
133,0.40618847235321204,1.8154930024236149,1.8154930024236149,0.12876405890771028
134,0.39685455741894193,1.826344316753197,1.8263443167531974,0.12176908179191029
135,0.38735362853517785,1.8373370644985099,1.8373370644985105,0.11494357706899117
136,0.37777143178160033,1.848402515140114,1.8484025151401142,0.10830908747938515
137,0.3681716531545502,1.8595003635009453,1.8595003635009457,0.1018837752492785
138,0.3586097599139727,1.870601188762327,1.8706011887623277,0.09568271819821532
139,0.3491304739425228,1.8816877425005556,1.881687742500556,0.0897193585962951
140,0.33977214687841967,1.8927434286132048,1.8927434286132048,0.08400350718181898
141,0.3305669780411874,1.9037351242885612,1.9037351242885618,0.07853337689115102
142,0.3215293405808638,1.9146381059794095,1.91463810597941,0.07330700762631868
143,0.31266468350685406,1.9254209704068346,1.925420970406835,0.06831944255502004
144,0.3039678019891781,1.9360468937641553,1.9360468937641553,0.06356934340003724
145,0.2954344885985311,1.946453710860085,1.9464537108600855,0.059043374640447
146,0.2870572744694631,1.9565785605242076,1.9565785605242079,0.05473137649667068
147,0.2788290612744801,1.9663535527403526,1.9663535527403528,0.05062504552645422
148,0.2707444372171691,1.9757020827465144,1.9757020827465144,0.04671881691764784
149,0.2628027001509474,1.9845367919368273,1.9845367919368275,0.043009342710559194
150,0.25501486045777993,1.9928019992318164,1.992801999231817,0.03948749405499069
151,0.24739343588768103,2.00044539531262,2.00044539531262,0.03614999517368564
152,0.2399553105516982,2.0074306969401694,2.0074306969401694,0.03299453653344705
153,0.23272224414451698,2.0137146844125717,2.0137146844125717,0.030024815900533953
154,0.22571839283362674,2.0193242838425256,2.0193242838425256,0.027236579366143914
155,0.21896434168902523,2.024306153802659,2.024306153802659,0.024626884140367997
156,0.2124778593027508,2.0287223227799593,2.0287223227799593,0.022194182588466775
157,0.2062742610843363,2.0326529332608834,2.0326529332608834,0.019938127144669294
158,0.20036732424736928,2.036201607414972,2.036201607414972,0.01786063373451568
159,0.19475085331330697,2.039509740863623,2.039509740863623,0.015951756089631865
160,0.1894177388008956,2.0427040560426204,2.0427040560426204,0.014206745653985497
161,0.18435441657902915,2.045910915260758,2.0459109152607575,0.01261994310755335
162,0.17954647103025145,2.0492669757912836,2.0492669757912836,0.01119008482986028
163,0.1749641637323539,2.0528828869676783,2.052882886967678,0.009906455591527991
164,0.17057620027367784,2.056837455223675,2.056837455223675,0.008758224692893958
165,0.16635233895648432,2.0611920034732414,2.0611920034732414,0.0077365202270467635
166,0.16226222377216518,2.065989911393718,2.065989911393718,0.006833003654319033
167,0.1582751498957508,2.071271299196903,2.0712712991969027,0.006041855513298703
168,0.15436297154220854,2.0769871675474847,2.0769871675474842,0.005347634210234326
169,0.15050382536726636,2.0831021400053493,2.083102140005349,0.004740703848756375
170,0.1466806708844066,2.0895655499315917,2.0895655499315913,0.004211661449515857
171,0.142879671226825,2.0963299471313515,2.096329947131351,0.003753697962142871
172,0.13909621164803457,2.1033114735205864,2.103311473520586,0.003356449230807596
173,0.1353323228130534,2.1104288259417863,2.1104288259417863,0.0030103011804934595
174,0.13159348665762002,2.117615138904531,2.1176151389045303,0.0027078535183984913
175,0.12788905956177468,2.124810270067027,2.124810270067027,0.002442517853140682
176,0.12423267874119787,2.1319614001594474,2.1319614001594474,0.0022093803277903686
177,0.12063966843409342,2.139022463216552,2.139022463216552,0.0020010941281105
178,0.11712359946921709,2.1459658957748484,2.1459658957748484,0.00181316782417198
179,0.11369650202257871,2.1527741470356627,2.1527741470356627,0.0016418205832355163
180,0.11037062405714802,2.1594350024290145,2.1594350024290145,0.0014843265593805148
181,0.10715178916686023,2.165945914033068,2.165945914033068,0.001338013495817171
182,0.10403851880115121,2.1723103764085017,2.1723103764085017,0.0012008660559184176
183,0.10102706346546401,2.1785289512695427,2.1785289512695427,0.0010717758802339535
184,0.09810982796334973,2.184598365181952,2.1845983651819525,0.0009501071108766582
185,0.09527886110781165,2.19049926527693,2.1904992652769306,0.000836031480410387
186,0.09251530576722275,2.196217110142219,2.196217110142219,0.0007291828610053559
187,0.08980437461811658,2.201719996886557,2.201719996886557,0.0006297896737227239
188,0.0871316649299757,2.206965346156889,2.206965346156889,0.0005381478809270684
189,0.08448425171765227,2.2118887715227333,2.2118887715227333,0.0004548150967589223
190,0.08185123289915451,2.2164217161494855,2.216421716149486,0.00038003281530088576
191,0.0792265276048744,2.22051080786531,2.2205108078653106,0.0003135764914930426
192,0.07660835724250502,2.2240949936272654,2.2240949936272654,0.000255338917150367
193,0.07399891643616008,2.227120596030451,2.227120596030451,0.00020505448891242208
194,0.0714050148328521,2.2295046528995286,2.2295046528995286,0.00016276030704630797
195,0.06883660519391857,2.231263511418184,2.231263511418184,0.0001273810616564281
196,0.06630485621295581,2.232403527988293,2.232403527988293,9.823590462429218e-05
197,0.06382151683840492,2.2329533493556672,2.2329533493556672,7.461587894851914e-05
198,0.06139974640732236,2.232952551999728,2.232952551999728,5.591109295173446e-05
199,0.05905093938500765,2.2324840201123095,2.23248402011231,4.1371556119563405e-05
200,0.05677955834084776,2.231669874917274,2.231669874917274,3.0138141304847463e-05
201,0.054589105970861404,2.230622672026597,2.230622672026597,2.1604536088155867e-05
202,0.052479915417609296,2.229461234136615,2.229461234136615,1.5233393304209179e-05
203,0.050453896749620246,2.228312842933227,2.228312842933227,1.0638336412752699e-05
204,0.048500717362068305,2.2272954344360234,2.2272954344360234,7.314438633062428e-06
205,0.04661221826738451,2.2265007639703356,2.2265007639703356,4.944712772316809e-06
206,0.0447800339753167,2.22600035041701,2.22600035041701,3.2851390569999634e-06
207,0.042996975289012536,2.225851436653787,2.225851436653787,2.153047546309254e-06
208,0.0412559339696394,2.22608271381258,2.22608271381258,1.396784920311316e-06
209,0.03954914084403464,2.226668905470113,2.226668905470113,8.900374120920964e-07
210,0.037873416120427994,2.227578123500838,2.2275781235008383,5.56784613887045e-07
211,0.03622797502033094,2.2287599113680296,2.2287599113680296,3.418103392061542e-07
212,0.03461694995919695,2.230156478010527,2.230156478010527,2.086283235961394e-07
213,0.033042905097932236,2.231678543435148,2.231678543435148,1.2526708762858186e-07
214,0.03151100334734773,2.2332497783711633,2.233249778371164,7.375485349542797e-08
215,0.03002771873838015,2.2348013948515497,2.2348013948515497,4.2569208341352705e-08
216,0.028601083548144966,2.2362714709243248,2.2362714709243243,2.423026577922624e-08
217,0.027239627097412206,2.237607711559223,2.2376077115592232,1.3716820610633728e-08
218,0.025944770640605845,2.2387894499008407,2.2387894499008407,7.604920515878288e-09
219,0.02471918999831573,2.2398087237182667,2.2398087237182667,4.128698634450573e-09
220,0.023563489308027555,2.240673764656657,2.240673764656657,2.1946356478037602e-09
221,0.022479751324554865,2.241402330558015,2.2414023305580155,1.1658111021874974e-09
222,0.021460893631717298,2.24203876438771,2.24203876438771,6.095943924336656e-10
223,0.020499760729002777,2.2426290231814137,2.2426290231814137,3.1171056160197005e-10
224,0.019589166529650256,2.243219620782341,2.2432196207823414,1.558791261672479e-10
225,0.01872178904734145,2.2438574528632027,2.243857452863202,7.683232337265358e-11
226,0.01789021946808839,2.2445895363055794,2.2445895363055794,3.797004930035824e-11
227,0.017084447956177976,2.245442850871365,2.245442850871365,1.83148146221204e-11
228,0.01629817493545465,2.246434737207189,2.246434737207189,8.62539574026713e-12
229,0.015526615333815875,2.247568909694122,2.247568909694122,3.967321487936885e-12
230,0.014767499322637235,2.2488389290909137,2.2488389290909137,1.833355102831669e-12
231,0.014019498089463761,2.2502102459921085,2.250210245992108,8.354788075518714e-13
232,0.013283502894744496,2.251636834662386,2.251636834662386,3.7083061890244296e-13
233,0.012562291688271528,2.2530636978309166,2.253063697830916,1.604925170406426e-13
234,0.011860149325277534,2.2544249027724796,2.2544249027724796,6.833670289701944e-14
235,0.011183562186268625,2.2556359680475038,2.2556359680475038,2.95508301886741e-14
236,0.010536157056986184,2.256627894349309,2.256627894349309,1.23071089020208e-14
237,0.0099225069861318,2.25733001837551,2.25733001837551,4.992885249776757e-15
238,0.009346430390773935,2.2576774859108784,2.2576774859108784,2.015275903196722e-15
239,0.008812648387228414,2.257594044586867,2.2575940445868667,8.574038165841401e-16
240,0.008321779368522558,2.257041411698754,2.257041411698754,3.4177298935763937e-16
241,0.00787248103427384,2.2560057578415584,2.2560057578415584,1.3841155233349265e-16
242,0.007463248498466942,2.254478823656457,2.2544788236564566,7.223962666512739e-17
243,0.007091679990800102,2.2524661889947133,2.2524661889947133,1.4810389759270165e-18
244,0.006755781200716885,2.249972232367694,2.249972232367694,5.900581329122076e-17
245,0.00644866082010385,2.2470729270243397,2.2470729270243397,1.809116436553967e-18
246,0.0061656195482889505,2.2438268228728044,2.2438268228728036,2.879923928727121e-17
247,0.005901889670915432,2.2403030548468026,2.2403030548468026,1.3507088458551895e-16
248,0.0056533024173260095,2.2365750384447303,2.2365750384447303,3.5680878388488365e-17
249,0.005415031684396797,2.2327352049161995,2.232735204916199,2.003789013362038e-17
250,0.005182996847548695,2.2288693138550935,2.2288693138550935,1.9428773468688874e-17
251,0.00495423343437843,2.2250527627282812,2.2250527627282812,0.0
252,0.004726445057741089,2.221353176748916,2.221353176748916,2.1452492404836748e-17
253,0.004497997615082126,2.217842917794801,2.217842917794801,1.267482614669595e-16
254,0.004267898697563178,2.2145494687193366,2.214549468719336,0.0
255,0.00403588704590745,2.21149370729583,2.21149370729583,4.040662973775224e-17
256,0.0038021685328806397,2.2086801713477553,2.2086801713477553,6.666485703018537e-17
257,0.003567381685523006,2.2061056054173203,2.2061056054173203,2.829446382627949e-17
258,0.003332512970739075,2.203740387998657,2.2037403879986566,4.542783974307866e-17
259,0.003098606497300829,2.2015385478299354,2.201538547829935,2.6961418544266646e-17
260,0.0028668096624553294,2.1994581717254955,2.1994581717254955,2.290583102329287e-17
261,0.002638296066582398,2.197456875728739,2.197456875728739,4.4704486658198513e-17
262,0.002414714077202259,2.195497414894502,2.195497414894502,9.541206040049375e-17
263,0.002196870004195034,2.193546259386503,2.193546259386503,2.202512844663222e-17
264,0.0019858159086947784,2.19158912124992,2.1915891212499194,1.5460999186641353e-17
265,0.0017825714871348474,2.189626313305683,2.189626313305683,1.8319128538504046e-16
266,0.0015884404967685542,2.1876750059170504,2.1876750059170504,7.231462440573918e-18
267,0.0014045344955755795,2.185771290216681,2.185771290216681,6.602622874650415e-17
268,0.0012313041972533657,2.183960340083965,2.183960340083965,0.0
269,0.0010695035230737903,2.182296717480934,2.182296717480934,3.2216306465676934e-17
270,0.0009197725443910258,2.180839871522751,2.180839871522751,2.4020209281459764e-18
271,0.0007834704673315627,2.179671574921797,2.1796715749217968,1.1834421263768117e-16
272,0.0006601550846246791,2.1788353765438684,2.1788353765438684,0.0
273,0.0005498061095635349,2.178373144301974,2.178373144301974,2.540894382998695e-17
274,0.00045228356971519304,2.178314534502718,2.178314534502718,1.3318025404776935e-17
275,0.00036755381302792337,2.1786821804925314,2.178682180492531,1.3431110740095361e-16
276,0.0002951926925200916,2.179470981199769,2.179470981199769,3.6761977292447996e-17
277,0.0002338509326132855,2.1806257626111667,2.1806257626111667,9.99633185417025e-18
278,0.00018262088519127692,2.182088007515853,2.182088007515853,8.298672345355435e-17
279,0.0001404995782474654,2.1837789258460045,2.1837789258460045,3.74161883255828e-17
280,0.00010683369795556571,2.1856020476057507,2.1856020476057507,1.1495940725958446e-16
281,8.00640922699963e-05,2.1874312898429866,2.1874312898429866,2.222980695738574e-17
282,5.906718256674041e-05,2.189149995227717,2.189149995227717,3.318658520822383e-17
283,4.287624852615278e-05,2.19064533809711,2.19064533809711,1.8822330691832663e-16
284,3.06750922886945e-05,2.191804499298853,2.191804499298853,7.991446187445266e-17
285,2.1694305635576976e-05,2.1925216925690623,2.1925216925690627,2.3025179162362898e-17
286,1.509042629378926e-05,2.1927548722973054,2.1927548722973054,2.7173151891306398e-17
287,1.0319533685143464e-05,2.1924733259074674,2.1924733259074674,6.926353308971737e-18
288,6.9348970869477326e-06,2.19167596721017,2.1916759672101707,1.94473604144553e-17
289,4.616688824528532e-06,2.190369814385432,2.190369814385432,9.977674950866116e-17
290,3.0276609665418736e-06,2.188642358634721,2.1886423586347212,0.0
291,1.9504407425901996e-06,2.1865906931150145,2.1865906931150145,2.1769879923332606e-17
292,1.2337294077401096e-06,2.184322445871726,2.184322445871726,4.038212718399829e-17
293,7.687113935897758e-07,2.1819582109333173,2.1819582109333173,5.903167124836669e-17
294,4.755019458866379e-07,2.179636549344573,2.179636549344573,2.0632216374351547e-17
295,2.886121478092334e-07,2.1774786615396304,2.1774786615396304,2.3330141047782302e-17
296,1.718201629778571e-07,2.175586657890129,2.175586657890129,4.225143511918531e-17
297,1.0029536430749253e-07,2.174041302753915,2.174041302753915,6.171987004763386e-17
298,5.821162872308714e-08,2.1729181356695353,2.1729181356695353,1.8413077910749495e-16
299,3.330381471513056e-08,2.172223458465232,2.172223458465232,2.3738470483925674e-17
300,1.866570370479619e-08,2.171929455469134,2.171929455469134,2.8308369784856334e-17
301,1.0246421480999196e-08,2.1719865605425563,2.171986560542556,9.180655383861914e-17
302,5.533438899526097e-09,2.172320639490787,2.172320639490787,5.228348071640073e-18
303,2.988335789672466e-09,2.1728311780717657,2.1728311780717657,4.6082733758430725e-17
304,1.5787273820008338e-09,2.1733911601591753,2.1733911601591753,0.0
305,8.158725388454566e-10,2.1738889953982663,2.1738889953982663,4.3061158561576645e-17
306,4.1245700776100304e-10,2.174220530087422,2.174220530087422,0.0
307,2.0826324189358e-10,2.1742817855074943,2.1742817855074943,3.9359386757753945e-17
308,1.0389932356999691e-10,2.174009012578432,2.1740090125784315,0.0
309,5.061542789973132e-11,2.173376924216638,2.173376924216638,0.0
310,2.4083448075792827e-11,2.172382419094569,2.172382419094569,4.90737899513487e-18
311,1.1244219912749305e-11,2.1710486974839487,2.1710486974839487,9.929484650295238e-17
312,5.3070165362794855e-12,2.169420487537287,2.169420487537287,2.44367905371506e-17
313,2.439601536923653e-12,2.1675926943079,2.1675926943079,5.545696523382988e-18
314,1.0929704829071328e-12,2.16565176691126,2.16565176691126,1.6384613348241922e-16
315,4.774184886720112e-13,2.1636884925994684,2.1636884925994684,9.171980179128077e-17
316,2.0925993539064799e-13,2.161799246960064,2.1617992469600638,0.0
317,9.090889950098442e-14,2.1600671088195407,2.160067108819541,3.922702116507325e-17
318,3.8296289902204816e-14,2.1585458196927907,2.1585458196927902,6.715189612393004e-17
319,1.5716349663870927e-14,2.15727290243649,2.1572729024364894,1.883827211046688e-16
320,6.317571991584402e-15,2.1562654210050978,2.156265421005098,1.01471965373909e-16
321,2.5533032807991335e-15,2.155533144399656,2.1555331443996555,1.6615441429947598e-17
322,1.049561162245547e-15,2.1550259259067674,2.155025925906767,1.6051605512382712e-18
323,3.5053674604106434e-16,2.1546979271102,2.1546979271102,8.239825155928729e-17
324,1.540366845561396e-16,2.154490882421447,2.154490882421447,0.0
325,0.0,2.154336771571691,2.154336771571691,4.590852095573299e-17
326,0.0,2.1541545974476897,2.15415459744769,6.991729542564107e-17
327,0.0,2.153869877959736,2.1538698779597363,0.0
328,5.429261597506134e-18,2.153413085052903,2.1534130850529025,0.0
329,0.0,2.152720452615316,2.1527204526153163,0.0
330,0.0,2.151715280081795,2.151715280081795,0.0
331,0.0,2.150372134584339,2.150372134584339,5.951325292336688e-17
332,0.0,2.148666041444723,2.148666041444723,3.5192912337543394e-17
333,5.2674853943913254e-17,2.146588473285852,2.146588473285852,2.3826781843738127e-17
334,8.225881821144552e-17,2.144142020616706,2.1441420206167066,4.9611601982095425e-17
335,0.0,2.141364316047708,2.141364316047708,0.0
336,0.0,2.1383264391185586,2.1383264391185586,0.0
337,0.0,2.1351095620425418,2.1351095620425418,0.0
338,6.104942767778015e-19,2.131815616124547,2.131815616124547,3.0762441874511415e-17
339,6.581315591579055e-18,2.128584488835248,2.128584488835248,2.3815776842941445e-17
340,0.0,2.1255555573305895,2.1255555573305895,0.0
341,0.0,2.122872082105939,2.122872082105939,1.954100367356291e-17
342,0.0,2.120679132912211,2.120679132912211,0.0
343,3.1683225346078206e-17,2.1191374684715747,2.119137468471575,0.0
344,0.0,2.118394564950029,2.1183945649500293,0.0
345,0.0,2.118517395295464,2.118517395295464,0.0
346,0.0,2.1195748579980247,2.1195748579980247,0.0
347,1.2222612511516126e-18,2.121603810869017,2.121603810869017,0.0
348,6.963838826320447e-18,2.1246560746933816,2.124656074693382,0.0
349,0.0,2.1286429113997687,2.1286429113997687,0.0
350,0.0,2.1334813637332144,2.133481363733215,4.743931591965442e-17
351,0.0,2.1390701815204167,2.139070181520417,0.0
352,7.309939376767388e-17,2.14529139960808,2.1452913996080802,3.306555553179921e-17
353,0.0,2.151992622283745,2.151992622283745,1.0462474538831982e-17
354,0.0,2.1589966728930614,2.158996672893062,8.925399349861436e-17
355,2.1944570459558142e-17,2.1661447619173972,2.1661447619173972,9.926339682900083e-18
356,7.906099041116428e-18,2.1732782337934826,2.1732782337934826,0.0
357,2.903406474806828e-17,2.1802136148872773,2.180213614887278,0.0
358,0.0,2.186807046550526,2.1868070465505265,0.0
359,0.0,2.1929319862319643,2.1929319862319647,7.182503819409259e-17
360,3.644843099941216e-17,2.198469949372666,2.198469949372666,0.0
361,0.0,2.203302418249892,2.2033024182498924,0.0
362,4.8700197515583475e-17,2.2073100082988297,2.2073100082988297,1.4685931965263655e-16
363,0.0,2.210480472909222,2.2104804729092224,6.128807363270847e-17
364,0.0,2.2127816612976474,2.2127816612976474,0.0
365,5.8068894568319505e-18,2.2142071031707995,2.2142071031708,0.0
366,1.5053932276479705e-17,2.2147370021123276,2.2147370021123285,1.0841314111232906e-16
367,0.0,2.2144590991946895,2.2144590991946895,3.533994019283452e-17
368,0.0,2.213472077405233,2.213472077405233,0.0
369,0.0,2.211880080902987,2.211880080902987,2.8298866417382035e-17
370,2.426853148249011e-17,2.2098034621048526,2.209803462104853,6.580262054498784e-18
371,0.0,2.2073851993820455,2.2073851993820455,0.0
372,1.357064344536024e-17,2.2047966766064313,2.2047966766064313,2.287598757462564e-17
373,0.0,2.2021843539127586,2.2021843539127586,1.2197432845518125e-16
374,2.287201491551181e-17,2.199688252919084,2.199688252919084,7.524259682188666e-18
375,4.3975939679645416e-17,2.197456586283019,2.197456586283019,5.739986960820067e-17
376,1.7955945936560494e-17,2.195597369967642,2.1955973699676425,1.624427500392986e-16
377,0.0,2.1941804473091957,2.1941804473091957,0.0
378,4.7407817076081534e-17,2.1932578142511656,2.1932578142511656,0.0
379,0.0,2.1928583894230083,2.1928583894230083,0.0
380,0.0,2.1930013017195145,2.1930013017195145,1.771667865115319e-16
381,1.661803063626561e-17,2.1936154753630617,2.1936154753630617,2.3383819895734085e-16
382,0.0,2.1946402915440735,2.194640291544073,3.5617673676074666e-16
383,2.9570112114517833e-16,2.1959937170245616,2.1959937170245616,0.0
384,4.331760070918932e-17,2.197575696717663,2.197575696717663,1.82878739125045e-16
385,4.3989344722968396e-17,2.199251412386293,2.1992514123862934,1.76211410967953e-16
386,0.0,2.200884458226088,2.2008844582260885,6.032383735428789e-17
387,0.0,2.2023342005043918,2.2023342005043918,0.0
388,0.0,2.203451911482257,2.2034519114822566,3.6936095906379326e-16
389,6.477848345336448e-17,2.2040446857010627,2.2040446857010627,3.33907428213796e-16
390,4.085541529962295e-17,2.203992371167384,2.203992371167384,5.997151850607034e-17
391,1.6707807091648082e-16,2.2031564698376247,2.2031564698376247,6.820189462754611e-17
392,6.33888541602917e-17,2.2014088364521416,2.2014088364521416,4.6246967475097766e-17
393,7.100127564759372e-17,2.19859858926759,2.1985985892675894,2.105426691542811e-16
394,1.2133073157848218e-16,2.194630574329076,2.1946305743290755,9.843367368344148e-17
395,0.0,2.1894686054132326,2.1894686054132326,1.6591266107847073e-17
396,4.0641325645805327e-16,2.1830684781970824,2.183068478197083,1.6373075764126686e-16
397,4.379005914330042e-17,2.1754116117410334,2.175411611741034,1.1729034877528027e-16
398,6.30762713075941e-17,2.1664598294519575,2.1664598294519575,3.4521578413328586e-16
399,3.8341677061769216e-16,2.156330410625807,2.1563304106258068,3.21476862334216e-16
400,1.2372202520683965e-16,2.145108935132093,2.1451089351320936,3.788428529666512e-16
401,6.269675671014327e-16,2.132917545125378,2.1329175451253795,0.0
402,2.7702898872074614e-17,2.119929172525259,2.119929172525259,1.2155479624273683e-16
403,2.444630019418109e-16,2.106392553358187,2.106392553358187,3.58653063097794e-16
404,2.5600662497029244e-16,2.09256924023286,2.0925692402328595,1.1028690608984042e-16
405,4.2100845174124927e-17,2.078761657582941,2.078761657582941,1.2128330226927605e-16
406,4.570767848358625e-16,2.065310055598825,2.0653100555988257,4.398003958703877e-16
407,9.081872540207747e-17,2.052716048957656,2.0527160489576564,4.452821883674065e-16
408,1.7675757079355074e-16,2.041275519192719,2.041275519192719,1.9144325273395839e-16
409,3.7284423416125763e-16,2.031331698911584,2.0313316989115835,1.1234078836644587e-16
410,1.868995225776075e-16,2.023196526760412,2.023196526760413,5.590637009511247e-17
411,2.9564742066794565e-17,2.0171863524895315,2.017186352489531,4.035920935203292e-16
412,6.339471343748263e-16,2.0134795764679727,2.0134795764679723,2.376768780338522e-16
413,8.567249815341806e-17,2.01198833971988,2.0119883397198812,1.782630409975531e-16
414,3.078159790707402e-16,2.0126231683051548,2.0126231683051534,6.801173792211004e-17
415,7.096927428079836e-18,2.0151885585985743,2.015188558598574,1.2305775796753165e-17
416,4.4979018794824276e-17,2.019454528930364,2.019454528930365,2.371567113375874e-16
417,6.222945415681437e-16,2.0249517076358825,2.0249517076358816,6.277278560306092e-16
418,2.0980178092034146e-16,2.0312787305613975,2.0312787305613975,4.270549229016818e-16
419,5.805477035517244e-16,2.0380504695567403,2.03805046955674,0.0
420,0.0,2.0448983948293695,2.0448983948293695,0.0
421,4.4313232047316024e-16,2.051488358511016,2.051488358511015,3.8657272073959796e-16
422,1.563258627887111e-16,2.0576351208668946,2.0576351208668946,0.0
423,0.0,2.0632326820575484,2.0632326820575475,0.0
424,0.0,2.068271351499807,2.0682713514998077,1.0369975629791029e-17
425,2.868725065685266e-16,2.072810661452399,2.0728106614523982,4.142900854503603e-17
426,0.0,2.077089296296342,2.0770892962963416,2.289360481975752e-16
427,8.747958446189106e-16,2.0813842648345626,2.0813842648345626,0.0
428,4.1561571226399956e-16,2.086012375553991,2.0860123755539917,6.772351789939278e-17
429,1.941869720299218e-17,2.0913308134010227,2.0913308134010236,8.333554035120136e-16
430,1.660497784566156e-16,2.097729868528179,2.097729868528179,0.0
431,0.0,2.105483092399131,2.1054830923991292,2.892006628242235e-16
432,0.0,2.1148169983819542,2.1148169983819547,4.6626315250128586e-17
433,0.0,2.1258677015427256,2.1258677015427248,0.0
434,0.0,2.1386938859865268,2.1386938859865268,0.0
435,5.814852371733624e-16,2.153117414243236,2.153117414243237,7.093326863609246e-16
436,0.0,2.168857330292844,2.168857330292844,5.950157123283451e-16
437,1.0218631370092041e-15,2.185528180031322,2.18552818003132,0.0
438,0.0,2.202611521470367,2.2026115214703705,0.0
439,6.259184016156834e-17,2.219387667234841,2.2193876672348396,1.0379001068332565e-15
440,5.084216629146376e-16,2.2352536128578877,2.235253612857887,3.976701106768045e-16
441,0.0,2.2495416452176094,2.2495416452176094,0.0
442,5.809076333294998e-16,2.261600101826974,2.2616001018269727,0.0
443,0.0,2.270643354037471,2.2706433540374733,5.333179330002959e-16
444,0.0,2.2762680647134967,2.2762680647134963,2.4844044778539495e-16
445,0.0,2.2782558298591584,2.278255829859159,0.0
446,2.8807001599055505e-16,2.2764681488926843,2.2764681488926803,1.1905931208993154e-15
447,4.615182437260342e-17,2.2709306119257406,2.2709306119257424,1.8136416220784782e-15
448,3.5392565359373687e-16,2.2618208965092332,2.2618208965092355,1.5538930099014334e-15
449,7.844154683592719e-16,2.249810046737865,2.2498100467378634,6.283272367355198e-16
450,0.0,2.235489565099407,2.2354895650994084,0.0
451,4.7605354902164943e-17,2.219532630215697,2.219532630215696,7.435842037384789e-17
452,7.454395753789101e-17,2.2026840251790363,2.2026840251790336,1.1643587034114702e-16
453,3.796941009718275e-16,2.1856253919800745,2.1856253919800706,4.392876588945321e-18
454,0.0,2.1688164699376262,2.1688164699376222,1.2363892448429598e-15
455,3.157020737617071e-16,2.1525655387176426,2.1525655387176337,0.0
456,0.0,2.1370026412079293,2.13700264120793,0.0
457,4.0512068668229194e-17,2.1221454406104416,2.12214544061044,1.41264770918125e-16
458,0.0,2.107606449069701,2.1076064490696993,1.1426174524016194e-16
459,1.808016654490282e-16,2.0930217233963444,2.0930217233963417,1.541955416487746e-16
460,1.7456641753593508e-16,2.0779663094559253,2.0779663094559164,2.324563105484037e-16
461,8.96732983252345e-16,2.0620063664375015,2.0620063664375046,1.4736181065519945e-15
462,0.0,2.0447216291589827,2.0447216291589876,1.5424397323413683e-15
463,4.441624269463968e-16,2.025798056311251,2.025798056311248,6.932124635961642e-17
464,1.6979711825236738e-15,2.005035257450672,2.0050352574506736,1.1235774331663146e-15
465,3.1228985505453133e-15,1.982349291041111,1.982349291041113,5.485999562637699e-16
466,0.0,1.957893711156694,1.9578937111566987,3.5435231062992325e-15
467,0.0,1.9318485578459512,1.9318485578459417,2.492370721692446e-15
468,1.2994371039115676e-15,1.904540693444847,1.90454069344485,2.1235188148124724e-15
469,1.714140693211839e-15,1.8764073973709952,1.8764073973709925,5.471985011205487e-16
470,2.1820747081062636e-15,1.8481330029685008,1.8481330029684997,5.213393413235198e-16
471,1.1393103348817609e-15,1.820411235504996,1.820411235504994,4.137647316876856e-15
472,0.0,1.7937048769285673,1.7937048769285668,5.080980630354837e-15
473,2.4269582262452945e-15,1.7685952683956871,1.7685952683956894,2.2239971306202237e-15
474,0.0,1.7455945879409522,1.7455945879409378,6.245707579345039e-19
475,0.0,1.7254643062729351,1.7254643062729134,1.6081477810398785e-15
476,0.0,1.707992661352935,1.7079926613529242,0.0
477,0.0,1.6931173392107675,1.693117339210741,0.0
478,0.0,1.6805998039193613,1.680599803919354,1.2044978883365222e-15
479,0.0,1.6700899077223688,1.6700899077223452,8.885769337069869e-16
480,0.0,1.6609382420898375,1.6609382420898258,5.07122970453526e-15
481,2.4439608258144963e-15,1.6523102352281167,1.652310235228116,1.650635968611601e-15
482,0.0,1.6435029827816405,1.6435029827816476,2.1162772848704697e-15
483,0.0,1.6338340525972728,1.633834052597249,5.033634934844793e-16
484,1.4574463709677284e-14,1.6227048094557626,1.622704809455696,3.004361319843207e-14
485,0.0,1.60961436223648,1.6096143622364947,2.846345508402639e-15
486,0.0,1.59422699878928,1.5942269987892357,0.0
487,2.547907509864353e-15,1.5763298706357995,1.576329870635798,3.648192666854107e-15
488,0.0,1.5558919214565352,1.5558919214565814,2.107483087813677e-15
489,0.0,1.533099218893427,1.5330992188933779,6.8515398364629245e-15
490,1.3113022452079746e-14,1.5080058616686256,1.508005861668551,0.0
491,0.0,1.4808088239754216,1.480808823975314,4.2811225961463716e-16
492,1.3848087884032025e-15,1.4517570358507896,1.4517570358508096,7.700852836146021e-15
493,0.0,1.4216521254727135,1.4216521254726664,8.145278768370173e-14
494,0.0,1.390564184402313,1.390564184402313,1.3377441786311858e-14
495,0.0,1.3586830051944228,1.3586830051943495,0.0
496,0.0,1.326304475003968,1.3263044750039163,0.0
497,0.0,1.2939824942601823,1.2939824942601246,0.0
498,1.8750656434702657e-15,1.262463882564496,1.2624638825643228,5.686668196909597e-14
499,7.914074084152673e-14,1.2313013093774063,1.2313013093772796,0.0
500,8.099260640519837e-14,1.2006919502092837,1.2006919502089295,0.0
501,0.0,1.1708176055073038,1.170817605507296,3.732403905759866e-14
502,1.5251701482776261e-13,1.1426663175316076,1.1426663175311211,2.703085344628688e-13
503,1.1436358649017386e-13,1.1157619256699092,1.115761925669428,1.3081286619498052e-13
504,0.0,1.0898980329660903,1.0898980329662937,1.9321248781236543e-13
505,0.0,1.0651524171103925,1.0651524171092068,2.014838934564013e-13
506,0.0,1.041823405484875,1.0418234054823903,7.3733012486474e-14
507,0.0,1.0205034750569015,1.02050347505498,3.005612765185379e-13
508,1.2852856925712686e-12,1.0002716666780849,1.0002716666767317,8.853424889679027e-13
509,0.0,0.9811486245083564,0.9811486245135566,3.872957255332722e-13
510,3.9711768412915066e-12,0.9631469630517201,0.963146963053718,0.0
511,3.9447895584722225e-12,0.9468987369789788,0.9468987369714463,1.8119682451589146e-12
512,8.359978516141226e-12,0.9318940564544533,0.9318940564288741,0.0
