,smallcell1 vs. smallcell1,smallcell1 vs. largecell,smallcell1 vs. smallcell2,largecell vs. smallcell1,largecell vs. largecell,largecell vs. smallcell2,smallcell2 vs. smallcell1,smallcell2 vs. largecell,smallcell2 vs. smallcell2
0,0.32074482948073063,2.989631941758634e-16,1.6986255175518925,3.826986989448065e-15,2.4173977029063953e-16,8.504415532106811e-16,1.6986255175518918,1.3819316761899944e-15,0.32074482948073096
1,0.35666003232980975,5.92360245231567e-16,1.6627103147028095,0.0,0.0,5.923602452315671e-16,1.6627103147028093,5.923602452315671e-16,0.35666003232981064
2,0.3965041053287354,6.393966813747793e-16,1.6228662417038833,3.6536953221415955e-16,0.0,1.9004026250328354e-16,1.622866241703882,2.0463099091588967e-15,0.3965041053287347
3,0.440188678542678,1.6465914297972585e-15,1.5791816684899354,0.0,0.0,9.757578843243015e-16,1.5791816684899362,1.4636368264864522e-15,0.44018867854267757
4,0.4874641086709784,1.457597382031154e-15,1.5319062383616413,0.0,1.010232114108646e-15,1.6658255794641766e-15,1.5319062383616404,3.886926352083078e-15,0.4874641086709766
5,0.5379799932351192,0.0,1.4813903537974926,0.0,0.0,2.7276416451601735e-15,1.4813903537974924,7.89851469219094e-16,0.5379799932351202
6,0.5903805376705431,6.60697385132534e-16,1.4289898093620674,1.7915882049006554e-16,1.4246287366920259e-15,5.051392821206942e-16,1.4289898093620672,1.1844826328624707e-15,0.5903805376705428
7,0.6434849657756726,1.56322574509318e-15,1.3758853812569336,0.0,1.347326951138982e-15,1.719828779661351e-15,1.3758853812569334,2.033034848797693e-15,0.6434849657756733
8,0.6959345860002796,2.948825181549819e-16,1.3234357610323273,1.294433279354188e-15,0.0,2.405892403055454e-15,1.3234357610323266,1.6084663319648801e-15,0.6959345860002805
9,0.7463176816614485,1.4930304599890755e-15,1.2730526653711574,1.15940251791125e-15,0.0,1.1228594309731512e-15,1.2730526653711574,9.393539696768347e-16,0.7463176816614493
10,0.7931994652653654,5.203391466953376e-16,1.226170881767234,0.0,0.0,0.0,1.2261708817672345,1.3463604955296333e-15,0.7931994652653652
11,0.8354809456689178,1.6624604302192163e-16,1.1838894013636785,2.468978955661985e-16,3.9928019048596166e-16,4.433227813917911e-16,1.183889401363678,6.649841720876867e-16,0.8354809456689177
12,0.8724871644095827,5.589127725805575e-16,1.1468831826230146,3.3534766354833456e-16,0.0,5.96173624085928e-16,1.1468831826230141,1.4750589908151118e-15,0.8724871644095827
13,0.9039322127679557,1.480942418770366e-15,1.1154381342646371,1.65725874388419e-15,0.0,7.522065123618121e-16,1.1154381342646371,2.0578344463051054e-15,0.9039322127679571
14,0.929783684309733,2.702985928617697e-16,1.089586662722859,4.999919473435103e-16,0.0,2.9060121205178393e-16,1.089586662722859,1.314801874409787e-15,0.9297836843097333
15,0.9504664543803247,0.0,1.068903892652267,1.0816358405351399e-15,8.746039804327107e-16,5.43525775142912e-16,1.0689038926522667,4.879479865720854e-16,0.9504664543803251
16,0.9666476862175133,1.0521014346762594e-15,1.0527226608150761,7.746167940153823e-16,1.1388187241561372e-16,4.694647236456862e-16,1.0527226608150757,4.694647236456862e-16,0.9666476862175138
17,0.9790077258198534,5.957753941459466e-17,1.040362621212736,7.392798799701686e-16,4.866624546882965e-16,6.914450513620946e-16,1.0403626212127361,0.0,0.9790077258198552
18,0.9882346786333486,1.3712968078427981e-15,1.0311356683992423,2.318325055354588e-16,1.1183787453687797e-15,1.4930214359165129e-15,1.0311356683992423,2.239532153874769e-15,0.9882346786333506
19,0.994900281400708,4.981887008707844e-16,1.0244700656318824,2.2007730409182298e-16,1.5642001544580259e-16,1.2092527264470937e-15,1.0244700656318821,8.464769085129656e-16,0.9949002814007103
20,0.9996675344975153,3.855514652523051e-16,1.019702812535074,1.2097930699377395e-16,5.869386690869814e-16,1.115573474204183e-15,1.0197028125350738,5.997467237258077e-16,0.9996675344975179
21,1.0030198845388232,1.1329883133951607e-15,1.016350462493767,6.519391944535315e-16,2.3961543546143647e-16,4.0125823928332574e-16,1.0163504624937665,2.654576341961655e-16,1.0030198845388247
22,1.0053316242671275,8.380835913833293e-16,1.014038722765463,0.0,1.1739374769204237e-15,9.87644340951992e-16,1.0140387227654626,2.1576619176975088e-15,1.00533162426713
23,1.0068927931574685,4.517869270961185e-16,1.0124775538751207,2.678218176347175e-16,1.7324723828245789e-15,1.202959395243564e-15,1.012477553875121,1.2065708826024015e-15,1.0068927931574714
24,1.0079115519952488,4.704731027207968e-16,1.0114587950373422,3.5553468474514944e-16,9.270449083356148e-16,2.078129975040956e-16,1.011458795037342,8.727711427502382e-16,1.007911551995251
25,1.008579290633829,9.64710436020621e-16,1.010791056398762,1.878989561605977e-16,1.4369578439598033e-15,8.715732632547516e-16,1.010791056398762,4.3314236554669026e-16,1.0085792906338316
26,1.0090086524487047,2.8359960077086244e-17,1.010361694583886,2.568522905130098e-16,1.0394079776072425e-15,4.794576089576184e-16,1.010361694583886,2.4329511251318953e-16,1.0090086524487079
27,1.0092793357463719,9.309540132501244e-16,1.0100910112862203,1.1352509047447259e-15,1.1230842098835205e-15,1.309274490881339e-15,1.0100910112862198,1.0219669105581451e-16,1.009279335746375
28,1.0094454739845236,5.448611885945742e-16,1.0099248730480679,2.857605085716962e-16,1.3229638379983e-15,4.605551288145442e-16,1.0099248730480672,1.0195062375806436e-15,1.0094454739845264
29,1.0095449600812623,0.0,1.0098253869513294,4.074719378471842e-16,0.0,8.359314127768846e-16,1.0098253869513292,4.1347610472903005e-16,1.0095449600812652
30,1.0096047909035881,6.311301980528946e-16,1.0097655561290029,2.748382018055083e-16,2.7530849048493603e-16,1.3286951537955677e-16,1.0097655561290024,6.121645841636584e-16,1.0096047909035917
31,1.0096400328777682,9.211157267584462e-17,1.0097303141548224,2.8612563554817375e-16,9.563158277555772e-16,4.4290856251479483e-16,1.0097303141548222,6.673602619463999e-16,1.009640032877772
32,1.0096603524146446,3.2785295007060227e-16,1.009709994617945,6.970179300398362e-16,4.696702848901239e-17,6.694765767740818e-16,1.0097099946179453,9.62627295656674e-16,1.0096603524146477
33,1.0096716637682712,5.401148555900819e-16,1.0096986832643196,1.6596985445882346e-16,1.1071680427814679e-15,3.5133124198939036e-16,1.0096986832643196,6.276308533768048e-16,1.009671663768274
34,1.009677907602522,8.20056214374661e-16,1.009692439430069,2.225893951934782e-16,4.973192471940083e-16,3.800919544774609e-16,1.0096924394300693,4.764280552405111e-16,1.0096779076025253
35,1.0096813504683166,4.469128423989709e-16,1.0096889965642744,3.131788410949328e-17,6.428337854484767e-16,1.2527153643797314e-16,1.0096889965642741,4.401383611027501e-16,1.0096813504683197
36,1.009683206232755,5.670323158715383e-16,1.0096871407998356,5.540677386643585e-16,5.816296665958345e-16,4.555398962561184e-16,1.0096871407998356,4.1618258147308623e-16,1.0096832062327579
37,1.0096841837073192,6.370338545440799e-16,1.0096861633252725,1.0718383306535338e-17,0.0,5.876890817633639e-16,1.009686163325272,7.078153939378666e-17,1.009684183707322
38,1.0096846761507756,3.647660223953153e-16,1.009685670881815,3.999550814516242e-16,1.4747376296060597e-16,4.351441405079332e-16,1.009685670881815,6.079433706588588e-17,1.0096846761507794
39,1.0096849278716025,0.0,1.009685419160988,0.0,2.393441889666211e-16,4.4508898015573556e-17,1.0096854191609879,1.7803559206229423e-16,1.009684927871606
40,1.009685055054386,2.1128730892605018e-16,1.0096852919782053,0.0,7.932117024553585e-16,3.526317471197489e-16,1.0096852919782051,3.3969044740618745e-16,1.0096850550543897
41,1.0096851177407498,0.0,1.0096852292918412,0.0,6.9355995773539e-16,5.925884512890129e-16,1.0096852292918415,1.2436553415989874e-16,1.0096851177407535
42,1.009685147875297,2.9838904953741525e-16,1.0096851991572953,0.0,1.8631010752809937e-16,2.335114432420534e-19,1.0096851991572955,2.9188930405252256e-19,1.0096851478753006
43,1.0096851615985776,6.163709157148985e-16,1.0096851854340145,6.168880246557374e-17,2.528522304909179e-17,1.575629770329931e-16,1.0096851854340145,1.0966898216102001e-16,1.0096851615985813
44,1.0096851681209624,1.6653563098781783e-16,1.0096851789116286,4.636847593372785e-16,3.0655903763443927e-16,2.3510733689693336e-16,1.0096851789116288,0.0,1.0096851681209666
45,1.0096851711367398,1.1856412927876207e-16,1.009685175895852,1.778461939181431e-16,0.0,1.2541731753309468e-16,1.009685175895852,0.0,1.0096851711367438
46,1.0096851724937075,0.0,1.0096851745388837,0.0,9.516654434840535e-17,5.914666575001698e-17,1.0096851745388837,7.443919210594519e-16,1.009685172493712
47,1.0096851730834189,1.726969581388388e-16,1.009685173949173,0.0,2.403534126843773e-18,3.6349990700069676e-16,1.0096851739491728,7.543888155093079e-16,1.0096851730834229
48,1.0096851733319114,2.3203826317290576e-17,1.0096851737006802,0.0,0.0,2.228888643335815e-16,1.0096851737006802,3.9708272632275086e-16,1.0096851733319159
49,1.0096851734400218,1.7050868985947259e-16,1.0096851735925698,4.128080758538565e-17,1.1303254289644478e-16,3.661495241359518e-16,1.0096851735925698,8.699017402231891e-16,1.0096851734400263
50,1.009685173485631,0.0,1.0096851735469605,0.0,0.0,9.256485360301805e-17,1.00968517354696,2.7216668326873647e-16,1.009685173485635
51,1.0096851735043064,1.5147779280969166e-16,1.009685173528285,9.461063450908763e-18,1.5814550895098222e-16,5.175407273001838e-16,1.0096851735282852,0.0,1.0096851735043109
52,1.0096851735116157,7.559526639324351e-17,1.0096851735209758,8.282111977358549e-18,0.0,1.118365044941361e-16,1.0096851735209755,0.0,1.00968517351162
53,1.0096851735144732,2.2227059640417143e-16,1.0096851735181178,1.0191658723784022e-16,3.3801729692048618e-16,1.9504148634870308e-16,1.0096851735181178,0.0,1.0096851735144772
54,1.009685173515608,4.214730612898759e-17,1.009685173516984,0.0,0.0,3.3519292875123535e-16,1.0096851735169838,3.3717844903190075e-16,1.0096851735156116
55,1.0096851735160435,0.0,1.0096851735165486,4.354571021621162e-17,0.0,4.804585084159256e-16,1.0096851735165486,1.5547616789657363e-16,1.0096851735160475
56,1.0096851735162053,7.396574031038395e-17,1.009685173516387,0.0,1.3490356464516298e-17,5.2576260216280636e-17,1.009685173516387,9.862098708051194e-17,1.0096851735162087
57,1.0096851735162624,1.9863136009375657e-16,1.0096851735163301,0.0,3.159092981273812e-17,1.8420879086663084e-16,1.0096851735163301,3.5312241794445613e-16,1.0096851735162655
58,1.0096851735162835,5.471352985307435e-17,1.0096851735163102,0.0,8.322624675175043e-17,5.866295304463706e-16,1.0096851735163102,3.716925611094995e-16,1.0096851735162862
59,1.0096851735162915,0.0,1.0096851735163026,0.0,0.0,3.466535240852821e-16,1.0096851735163024,2.3786401258195935e-16,1.009685173516294
60,1.009685173516295,1.1552604732732404e-16,1.0096851735163002,1.898643028218042e-16,0.0,3.579620135281195e-16,1.0096851735163002,3.0806945953953074e-16,1.0096851735162966
61,1.0096851735162962,0.0,1.0096851735162995,9.664090091425539e-19,8.121762842300344e-17,1.5046551894292276e-16,1.0096851735162995,5.3376536344782765e-17,1.0096851735162975
62,1.0096851735162964,0.0,1.009685173516299,1.4215137674623655e-17,4.1291934613355396e-16,2.401950158479633e-16,1.009685173516299,1.9199220994815886e-16,1.0096851735162973
63,1.0096851735162973,4.4146994471210715e-16,1.009685173516299,0.0,1.8672747125702184e-16,2.0960264466817277e-16,1.0096851735162988,5.647376787104352e-17,1.0096851735162973
64,1.0096851735162977,8.111418296102943e-17,1.0096851735162993,8.6810958731434e-17,7.864217655525735e-17,2.276980394368876e-16,1.009685173516299,5.274975748391347e-16,1.0096851735162973
65,1.009685173516298,2.4198866229985614e-16,1.0096851735162993,3.632874439701812e-17,0.0,2.298790808341835e-16,1.0096851735162993,2.84338369594111e-16,1.009685173516297
66,1.0096851735162984,2.4578765899637427e-18,1.0096851735162995,1.3997593740518654e-16,3.856513438277204e-17,2.652046152705906e-16,1.0096851735162995,6.220879377513297e-16,1.0096851735162975
67,1.0096851735162986,3.41127042504974e-16,1.0096851735162995,0.0,1.0233321147299185e-16,5.21603599638177e-16,1.0096851735162995,2.1629010450916965e-16,1.0096851735162977
68,1.0096851735162995,0.0,1.0096851735162997,3.061846759757424e-17,1.623530970435408e-16,4.399148215824347e-16,1.0096851735162997,8.164924692686464e-17,1.009685173516298
69,1.0096851735162997,1.327840370780879e-16,1.0096851735163,6.654795064797904e-17,1.3765267218500855e-16,2.0676085604449466e-16,1.0096851735163,0.0,1.0096851735162977
70,1.0096851735163002,4.2821953239182707e-16,1.0096851735163,0.0,4.861747785044361e-16,1.9213870871732633e-16,1.0096851735163,1.8668195908778346e-16,1.0096851735162982
71,1.0096851735163004,1.3603011233812524e-16,1.0096851735163002,0.0,6.500820323428596e-16,1.194540288183613e-16,1.0096851735163002,4.600995503603434e-16,1.009685173516298
72,1.009685173516301,7.614577222040479e-17,1.009685173516301,2.0148275352145126e-16,3.4459893949359687e-16,5.0763848146936535e-17,1.009685173516301,6.081543682211669e-17,1.0096851735162993
73,1.0096851735163017,0.0,1.0096851735163013,0.0,5.161484382136517e-16,3.6141047453700053e-16,1.0096851735163013,8.469615085376845e-17,1.0096851735162997
74,1.009685173516302,9.068823192535258e-17,1.0096851735163022,0.0,1.8523111459367074e-16,7.25654390351793e-17,1.0096851735163024,9.06882319253526e-17,1.0096851735163004
75,1.0096851735163028,5.816084686791025e-17,1.0096851735163026,5.816084686791025e-17,9.637782312455358e-16,7.754779582388034e-17,1.0096851735163026,3.1973159586971396e-17,1.0096851735163013
76,1.0096851735163033,0.0,1.0096851735163037,0.0,1.0664315666740827e-16,3.244896408939231e-16,1.0096851735163035,1.998174952351246e-16,1.009685173516302
77,1.0096851735163044,0.0,1.0096851735163042,0.0,5.298614938079577e-16,3.480140703114933e-16,1.0096851735163042,1.354695882662475e-16,1.0096851735163033
78,1.0096851735163048,1.9065554605333194e-16,1.0096851735163053,1.436478934965737e-16,1.5115813347367915e-16,3.5519955802460174e-16,1.0096851735163053,1.5409021005971644e-16,1.009685173516304
79,1.009685173516305,3.250481892326958e-16,1.0096851735163055,7.213167332405456e-17,3.822195281634232e-16,5.467039618885896e-16,1.0096851735163057,1.7191566382849191e-16,1.0096851735163048
80,1.0096851735163055,1.4800395735900887e-17,1.0096851735163062,0.0,2.9819505156114207e-16,2.359267834900767e-16,1.009685173516306,3.2889768302001978e-18,1.0096851735163053
81,1.0096851735163062,2.450834883505632e-16,1.0096851735163066,9.784388444791338e-17,2.0928738635597274e-16,7.28278975397727e-18,1.0096851735163066,2.1848369261931806e-17,1.0096851735163057
82,1.0096851735163062,0.0,1.0096851735163068,1.9903682844404624e-16,2.9056854124162045e-16,9.464689812261835e-17,1.0096851735163068,2.3037496081843257e-16,1.0096851735163062
83,1.0096851735163064,7.024322203406088e-17,1.0096851735163068,1.4048644406812176e-16,0.0,2.986520144530949e-16,1.0096851735163068,2.8221460098847956e-16,1.0096851735163066
84,1.0096851735163062,0.0,1.009685173516307,2.917683617142229e-16,2.5537672524587273e-16,1.6524144758670122e-16,1.0096851735163068,3.4743224823488e-16,1.0096851735163066
85,1.0096851735163055,2.83058962462786e-16,1.009685173516307,6.2733931801228e-18,0.0,3.405072073793596e-16,1.0096851735163068,3.7741194995038134e-16,1.0096851735163066
86,1.0096851735163057,0.0,1.0096851735163064,1.3282962007875851e-17,3.8976405204629193e-16,2.9401781793278664e-17,1.0096851735163062,9.138893783003265e-17,1.0096851735163064
87,1.0096851735163053,7.533831021396792e-17,1.0096851735163062,1.1382441926856495e-16,3.734386516278462e-16,1.2165070666059713e-16,1.009685173516306,2.1199626375306556e-17,1.0096851735163062
88,1.0096851735163046,1.469975090729562e-16,1.0096851735163055,7.879102274733614e-17,0.0,1.8462893104300494e-16,1.0096851735163055,0.0,1.0096851735163057
89,1.0096851735163037,1.6797414387254956e-16,1.0096851735163048,5.599138129084985e-17,7.258421053590474e-17,2.022229433506426e-16,1.0096851735163046,3.636501333377823e-17,1.009685173516305
90,1.0096851735163035,1.1766796452954815e-17,1.0096851735163042,1.0716984687255955e-16,3.6534416336726276e-17,8.975047017519164e-17,1.0096851735163042,1.830390559348521e-17,1.0096851735163044
91,1.0096851735163026,8.601930149997432e-17,1.0096851735163033,0.0,1.415513601988495e-17,3.89387586170751e-16,1.0096851735163033,2.1598192889909447e-16,1.009685173516304
92,1.009685173516302,0.0,1.0096851735163028,1.115295606117221e-16,8.384117634730684e-17,1.0723523854167595e-16,1.0096851735163026,3.0598033690310493e-16,1.009685173516303
93,1.0096851735163015,3.419710640565406e-16,1.0096851735163024,7.599356979034236e-17,2.637082371692606e-16,1.230401881605788e-16,1.0096851735163024,3.365682813217246e-16,1.0096851735163026
94,1.009685173516301,2.0096896058836718e-16,1.009685173516302,0.0,0.0,4.670431800927117e-16,1.0096851735163017,1.3073721145365508e-16,1.0096851735163024
95,1.0096851735163004,6.396873452388006e-18,1.0096851735163013,0.0,3.881040013621629e-16,2.438956310427042e-16,1.0096851735163013,1.256373740813388e-16,1.009685173516302
96,1.0096851735163002,1.2379831217177324e-16,1.009685173516301,5.250923532939878e-17,3.8035864556231964e-17,2.251103617992645e-16,1.009685173516301,1.4002462754506342e-16,1.0096851735163013
97,1.0096851735163002,2.8465149037884756e-17,1.0096851735163008,0.0,1.7873827117299814e-16,2.491523785345295e-16,1.0096851735163006,2.705835647659809e-16,1.0096851735163013
98,1.0096851735163002,0.0,1.0096851735163008,0.0,1.597913750241124e-17,6.148065357878894e-17,1.0096851735163008,0.0,1.0096851735163008
99,1.0096851735163002,2.9997352821553833e-16,1.0096851735163006,4.308860458647403e-18,1.7181101005704415e-16,0.0,1.0096851735163006,8.102365224338875e-17,1.0096851735163006
100,1.0096851735163002,4.311342839546521e-17,1.0096851735163006,1.7470262534196247e-17,0.0,0.0,1.0096851735163004,5.823420844732078e-17,1.0096851735163004
101,1.0096851735163006,1.602910472092745e-16,1.0096851735163013,1.9503877772543345e-17,3.942678416910618e-18,2.1372139627903265e-17,1.0096851735163008,1.1612675961049206e-16,1.0096851735163006
102,1.0096851735163008,2.1129140238012205e-17,1.0096851735163013,0.0,1.6041402723076914e-16,0.0,1.0096851735163013,2.2118013343497136e-16,1.0096851735163008
103,1.0096851735163013,1.2214494938824822e-16,1.009685173516302,6.190215195401327e-17,6.673825757542054e-17,4.814611818645476e-17,1.009685173516302,4.089935585383589e-17,1.0096851735163008
104,1.0096851735163022,0.0,1.0096851735163024,2.3215008086404214e-18,2.877768532526334e-16,1.6980685445799568e-16,1.009685173516302,1.0131663469935197e-16,1.0096851735163015
105,1.0096851735163022,2.1982029592042703e-17,1.0096851735163026,0.0,1.759542296052641e-16,7.473481282020563e-17,1.0096851735163026,2.6376391614081463e-17,1.0096851735163015
106,1.0096851735163028,1.0067003848650182e-16,1.009685173516303,0.0,6.954762356951211e-17,3.35566794955006e-17,1.009685173516303,6.222687536312557e-17,1.0096851735163017
107,1.0096851735163033,3.639232952280395e-17,1.0096851735163035,0.0,1.2908307477295046e-16,4.852310603040527e-17,1.009685173516303,8.491543555320924e-17,1.0096851735163017
108,1.0096851735163037,7.286948364727018e-17,1.0096851735163033,0.0,0.0,0.0,1.0096851735163033,8.454159153276837e-17,1.009685173516302
109,1.0096851735163042,1.124695795225852e-17,1.0096851735163035,1.876420259462757e-16,1.8965771177187042e-17,0.0,1.0096851735163035,0.0,1.0096851735163022
110,1.0096851735163044,0.0,1.0096851735163042,2.6381243698874055e-17,1.0273355335892452e-16,0.0,1.009685173516304,4.844773670123725e-17,1.0096851735163026
111,1.0096851735163046,5.168586805122761e-17,1.0096851735163042,0.0,1.9089630903808183e-16,0.0,1.0096851735163042,7.986074740383155e-17,1.009685173516303
112,1.0096851735163048,6.739737504794234e-17,1.0096851735163044,0.0,7.486643176874681e-17,8.797258334939076e-17,1.0096851735163042,3.08628124521726e-17,1.009685173516303
113,1.0096851735163048,2.5515566414958916e-17,1.0096851735163044,0.0,1.7887076153930408e-16,1.3608302087978086e-17,1.0096851735163044,2.473204754074509e-16,1.0096851735163037
114,1.0096851735163048,3.3069086476174714e-16,1.0096851735163046,0.0,3.738992421502368e-17,1.298920271449995e-16,1.0096851735163046,2.460831122981636e-16,1.0096851735163035
115,1.0096851735163048,9.434087200399326e-17,1.0096851735163046,0.0,1.0312791710645743e-16,1.9744179488119822e-16,1.0096851735163046,1.2929184968794237e-16,1.0096851735163037
116,1.0096851735163046,1.3749349470213337e-16,1.0096851735163042,5.066599826669495e-17,1.024205238399009e-16,1.3188610646719731e-16,1.0096851735163044,3.055410993380742e-17,1.0096851735163033
117,1.0096851735163046,2.6255571905027404e-16,1.009685173516304,0.0,1.140884739003649e-16,3.394222178958647e-17,1.0096851735163037,2.1286105909283903e-16,1.0096851735163033
118,1.009685173516304,3.608151122719256e-16,1.0096851735163035,7.931939372708716e-18,1.068952767025198e-18,2.475940209570248e-16,1.0096851735163037,2.0155939446318605e-16,1.009685173516303
119,1.009685173516304,1.6059900591315653e-16,1.0096851735163035,2.1994786246103725e-17,1.6528833166218682e-16,1.9550921107647756e-17,1.0096851735163035,3.263177731782042e-16,1.009685173516303
120,1.0096851735163033,1.7194250223129872e-17,1.0096851735163035,9.005179039818079e-17,7.293284306301586e-17,4.585133392834633e-17,1.0096851735163033,2.6345137162287934e-16,1.009685173516303
121,1.0096851735163026,1.0776965990697333e-16,1.0096851735163028,1.9997043247439472e-17,0.0,1.2517188859782082e-16,1.0096851735163028,3.0478798844277633e-16,1.0096851735163026
122,1.0096851735163024,5.04557390117899e-17,1.0096851735163028,0.0,1.4787998127628484e-17,1.0258889160514136e-16,1.0096851735163026,0.0,1.0096851735163028
123,1.0096851735163017,1.7944713555812007e-18,1.0096851735163022,1.8440679811865895e-16,0.0,5.98157118527067e-19,1.0096851735163022,0.0,1.009685173516302
124,1.0096851735163013,5.629303492773733e-17,1.009685173516302,0.0,4.458345772835887e-17,9.228038477275542e-17,1.009685173516302,4.9010693197895326e-17,1.009685173516302
125,1.0096851735163008,2.423767401274715e-16,1.0096851735163015,2.6930748903052388e-17,4.215512279375618e-17,8.976916301017463e-17,1.0096851735163015,1.4363066081627943e-16,1.009685173516301
126,1.0096851735163006,3.4425936273082986e-17,1.0096851735163013,5.1638904409624485e-17,0.0,9.18024967282213e-17,1.0096851735163013,4.590124836411065e-17,1.009685173516301
127,1.0096851735163002,1.0603042061019211e-16,1.009685173516301,8.323552134687506e-17,1.4591852018656584e-17,1.8155238355197676e-16,1.0096851735163008,3.23041536349551e-16,1.009685173516301
128,1.0096851735162997,7.680928336108934e-18,1.0096851735163004,4.5197889492892314e-17,3.687633196523001e-18,1.7439078435814516e-16,1.0096851735163006,3.0643988217668815e-16,1.0096851735163002
129,1.0096851735162997,4.539849163501909e-17,1.0096851735163006,0.0,2.179593110358033e-17,2.6966624428481327e-16,1.0096851735163006,3.1560967702489257e-16,1.0096851735163004
130,1.0096851735162995,1.0347978212518775e-16,1.0096851735163004,0.0,4.602020779278368e-17,1.1037843426686693e-16,1.0096851735163004,1.3797304283358366e-16,1.0096851735163002
131,1.009685173516299,1.0244965039360278e-16,1.0096851735163,2.927132868388651e-17,0.0,2.378646591281552e-16,1.0096851735163002,2.573788782507462e-16,1.0096851735163
132,1.009685173516299,3.132545528052059e-16,1.0096851735163,2.349409146039044e-16,0.0,1.9167612890347316e-16,1.0096851735162997,0.0,1.0096851735162997
133,1.009685173516299,0.0,1.0096851735163,0.0,0.0,2.4129839938762487e-16,1.0096851735162997,5.358536035696488e-16,1.0096851735162997
134,1.0096851735162993,2.595411429969872e-16,1.0096851735162995,0.0,0.0,3.538342643966306e-17,1.0096851735162995,1.528576389066973e-16,1.0096851735162997
135,1.009685173516299,2.87586215624894e-16,1.0096851735162997,8.967469577084749e-17,3.3989249312558764e-18,2.339904612151128e-16,1.0096851735162997,3.445581157720687e-16,1.0096851735162993
136,1.0096851735162993,2.6413848699015354e-16,1.0096851735162995,8.029249052257923e-17,1.9575623705071307e-17,2.099487005243086e-16,1.0096851735162995,2.0730286272114006e-16,1.0096851735162995
137,1.0096851735162995,2.894582617578337e-16,1.0096851735162997,1.619518265505509e-16,1.2367638219079084e-17,1.2085130588739295e-17,1.0096851735162995,3.6821579859314587e-16,1.0096851735162995
138,1.009685173516299,2.356173961117629e-16,1.0096851735162997,1.1172847819735802e-16,2.4889415617153928e-17,1.2363508227618975e-16,1.0096851735162997,3.3746206503025054e-16,1.0096851735162993
139,1.0096851735162995,1.3592249836051626e-16,1.0096851735163002,2.0056604058008627e-16,3.441720427007426e-17,2.1135897091661674e-16,1.0096851735163,8.054666569512075e-17,1.0096851735162993
140,1.0096851735162997,6.698546416409244e-17,1.0096851735163,1.8897833778993237e-17,0.0,1.2823368102693118e-16,1.0096851735163,9.617526077019841e-17,1.0096851735162997
141,1.0096851735162997,6.891207394335701e-17,1.0096851735163002,1.0518434910304905e-16,9.633981010172983e-17,2.193534037847216e-17,1.0096851735163002,1.3126109322544193e-17,1.0096851735163
142,1.0096851735162995,2.5706121897256883e-16,1.0096851735163004,0.0,0.0,2.9091073745719107e-18,1.0096851735163004,3.3460279131462382e-16,1.0096851735162997
143,1.0096851735162995,3.7320630651692724e-16,1.0096851735163002,0.0,0.0,3.0145092431794275e-16,1.0096851735163004,1.068988757936993e-17,1.0096851735162997
144,1.0096851735162997,2.698239361720447e-16,1.0096851735163002,5.0480835977833885e-17,4.4804668980753524e-17,1.3514250568038425e-16,1.0096851735163002,1.3487903414397066e-16,1.0096851735163002
145,1.0096851735163,1.9161464515538795e-16,1.0096851735163002,0.0,3.0192358516219953e-17,2.470160036225233e-16,1.0096851735163002,6.567954573489996e-17,1.0096851735162997
146,1.0096851735163,7.580446297712797e-18,1.0096851735163002,0.0,1.3600842998083243e-16,8.864687621826655e-17,1.0096851735163002,2.229153209416658e-16,1.0096851735163002
147,1.0096851735163004,1.6294209105880788e-16,1.0096851735163006,4.043978207747669e-17,5.978351782776686e-18,1.3795384092199198e-16,1.0096851735163008,3.837471007172551e-16,1.0096851735163002
148,1.0096851735162997,7.900624725964759e-17,1.0096851735163,0.0,3.269061900237828e-17,2.645279935467642e-16,1.0096851735163,1.6844270825835949e-16,1.0096851735163
149,1.0096851735162997,1.8240759474180524e-16,1.0096851735163002,0.0,3.874374984064182e-17,1.1389191664464013e-16,1.0096851735163002,3.247160755131114e-16,1.0096851735163002
150,1.0096851735162993,2.1880889713700807e-16,1.0096851735162997,2.7076736278952896e-17,2.3262459708407038e-17,2.383233925932333e-16,1.0096851735163002,2.1954056610546975e-16,1.0096851735163
151,1.0096851735162995,0.0,1.0096851735162997,0.0,1.8515665045131186e-16,3.395096932554723e-16,1.0096851735162997,3.797302080352988e-16,1.0096851735162997
152,1.0096851735162988,2.6425943384555505e-16,1.009685173516299,0.0,1.3069307289814224e-16,4.219921068246535e-18,1.009685173516299,2.0134052102518484e-16,1.0096851735162993
153,1.0096851735162986,9.33387740591505e-17,1.0096851735162986,1.1636849114382766e-16,1.1761854329478675e-16,3.1248469766432585e-17,1.0096851735162988,2.4836121717087163e-16,1.009685173516299
154,1.0096851735162982,4.096523024558126e-17,1.0096851735162984,0.0,1.186068757276038e-16,2.577765178177214e-16,1.0096851735162984,3.2605190156035686e-16,1.0096851735162988
155,1.0096851735162984,2.3831892597142756e-17,1.0096851735162982,0.0,6.503732799093303e-17,1.588792839809517e-17,1.0096851735162984,1.7189448012833017e-16,1.0096851735162984
156,1.0096851735162982,1.015838155776248e-17,1.0096851735162982,3.3447936706932147e-16,2.008402934051111e-16,5.40673350729791e-17,1.0096851735162982,1.8059344991577747e-17,1.0096851735162986
157,1.0096851735162975,1.5335563853361086e-17,1.009685173516298,3.5367772993832716e-17,3.100060271138425e-17,3.03943214862712e-17,1.0096851735162984,9.799877061586297e-17,1.0096851735162982
158,1.0096851735162975,2.7164106661932035e-17,1.009685173516298,0.0,0.0,2.864345396402955e-16,1.0096851735162982,9.054702220644014e-17,1.0096851735162982
159,1.0096851735162982,9.163329613638766e-17,1.009685173516298,2.2027487430727976e-17,4.452822166172549e-17,4.405497486145595e-17,1.0096851735162982,2.4435545636370043e-17,1.0096851735162982
160,1.0096851735162977,4.923541911722315e-17,1.0096851735162982,0.0,2.462203657336237e-17,1.8088426840503045e-16,1.0096851735162984,8.120117697624177e-17,1.0096851735162984
161,1.009685173516298,2.74751140812003e-16,1.0096851735162982,1.3913722744265961e-18,3.141599220227232e-17,2.849192722756808e-16,1.0096851735162984,7.770525607518566e-17,1.0096851735162984
162,1.009685173516298,1.408466830860987e-17,1.0096851735162984,7.042334154304936e-18,0.0,1.9890434078032276e-16,1.0096851735162986,1.326028938535485e-16,1.0096851735162988
163,1.0096851735162982,1.545537221410078e-17,1.0096851735162986,0.0,0.0,3.643732674450198e-16,1.0096851735162988,1.7703484298447632e-16,1.009685173516299
164,1.0096851735162986,4.874246357105052e-17,1.0096851735162993,0.0,0.0,6.498995142806736e-17,1.009685173516299,1.7697983547809265e-16,1.0096851735162993
165,1.009685173516299,3.130634195399378e-17,1.0096851735162997,1.2888659925211766e-16,0.0,4.23519945113488e-17,1.0096851735162997,3.42477187526933e-16,1.0096851735163
166,1.0096851735162988,2.2971226421386813e-18,1.0096851735162995,0.0,0.0,1.8551654966172652e-16,1.0096851735162997,3.0628301895182426e-18,1.0096851735163
167,1.0096851735162995,9.780563561653222e-17,1.0096851735163,3.099439683825589e-17,0.0,8.357263119338098e-17,1.0096851735163002,2.337221702828959e-16,1.0096851735163004
168,1.0096851735163002,1.836523532615782e-16,1.0096851735163004,0.0,1.4608047434311386e-16,1.9770986479885638e-16,1.0096851735163004,1.4451865046791874e-16,1.0096851735163008
169,1.0096851735163002,0.0,1.0096851735163004,0.0,0.0,1.7093731526455593e-17,1.0096851735163008,2.90593435949745e-16,1.009685173516301
170,1.0096851735163004,3.495128793332775e-17,1.0096851735163006,0.0,0.0,1.6293541277561558e-16,1.0096851735163006,1.9417382185182083e-17,1.009685173516301
171,1.0096851735163004,1.506891553493796e-17,1.0096851735163006,0.0,0.0,2.347532270029574e-16,1.0096851735163006,4.544375384709768e-16,1.0096851735163013
172,1.0096851735163002,1.0811552636210002e-17,1.0096851735163006,0.0,1.5711471588604748e-16,3.3602405380452434e-17,1.0096851735163008,1.7268301678955177e-16,1.009685173516301
173,1.0096851735163002,5.720086318876786e-17,1.0096851735163006,4.084119115352906e-17,2.1584388218886612e-16,5.445492153803875e-17,1.0096851735163006,2.287261341756475e-16,1.009685173516301
174,1.0096851735163002,2.2411722835526237e-16,1.0096851735163006,5.453840036681355e-17,0.0,1.9792854182399766e-16,1.0096851735163006,1.4941148557017493e-16,1.009685173516301
175,1.0096851735163,0.0,1.0096851735163002,3.54100041019225e-17,0.0,1.1484485831620322e-16,1.0096851735163004,5.4233940467896484e-17,1.0096851735163008
176,1.0096851735163002,2.4295187202723067e-16,1.0096851735163002,0.0,0.0,1.3908933399080413e-16,1.0096851735163004,3.5096949538184285e-17,1.009685173516301
177,1.0096851735163,3.761657338870178e-17,1.0096851735163,0.0,1.8891997917026306e-16,1.3727702855718709e-16,1.0096851735163002,5.0155431184935715e-17,1.0096851735163006
178,1.0096851735162995,9.078094325990068e-17,1.0096851735163,0.0,4.404294200343618e-17,9.623470591621485e-17,1.0096851735163,1.2925970449437298e-16,1.0096851735163002
179,1.0096851735162993,1.9175543728316863e-16,1.0096851735162995,0.0,0.0,1.3362169131244365e-16,1.0096851735162997,1.469257712334139e-16,1.0096851735162997
180,1.0096851735162993,1.115910614497238e-16,1.0096851735162995,0.0,7.559510036115823e-18,1.3687085660739362e-16,1.0096851735162995,7.314751306358679e-17,1.0096851735163
181,1.0096851735162988,6.1685313490989515e-18,1.0096851735162993,3.21099569613033e-17,2.4939179477802398e-17,1.777880786380048e-16,1.0096851735162993,4.28132759484044e-17,1.0096851735162997
182,1.0096851735162988,9.591909759300953e-17,1.009685173516299,0.0,3.430036927488504e-17,9.42661785761736e-18,1.0096851735162993,1.2419895116586162e-16,1.0096851735162995
183,1.0096851735162988,7.594006123617436e-17,1.0096851735162993,6.614998120338989e-17,0.0,6.776678543505515e-17,1.0096851735162995,2.939999164595106e-17,1.0096851735162997
184,1.009685173516299,0.0,1.009685173516299,0.0,2.3773955907815206e-16,1.1145185751717617e-16,1.0096851735162993,2.3875466416390687e-16,1.0096851735162995
185,1.0096851735162988,1.8847576149391733e-16,1.009685173516299,0.0,1.3336145691197243e-16,7.543452749811451e-17,1.0096851735162993,1.1055725136897687e-19,1.0096851735162995
186,1.0096851735162988,1.3458404354016736e-16,1.0096851735162988,0.0,6.003211783202156e-18,1.569082861465295e-16,1.009685173516299,1.1204693829980704e-16,1.009685173516299
187,1.0096851735162988,0.0,1.0096851735162988,0.0,1.2972233889298593e-16,1.1545298214663985e-16,1.009685173516299,2.0991451299389063e-17,1.009685173516299
188,1.0096851735162988,4.849194152111222e-17,1.0096851735162986,0.0,0.0,7.851813750227787e-17,1.009685173516299,0.0,1.009685173516299
189,1.0096851735162988,5.994384164355843e-18,1.0096851735162986,0.0,2.7264496333483723e-18,2.608799894199354e-16,1.0096851735162988,2.8668069698075684e-16,1.009685173516299
190,1.0096851735162988,1.8343076819998383e-18,1.0096851735162988,0.0,2.2465292111576065e-16,1.3399859568246432e-16,1.0096851735162986,4.5979064335816875e-16,1.009685173516299
191,1.009685173516299,0.0,1.0096851735162988,0.0,7.933100705717709e-17,1.470150599149809e-16,1.009685173516299,2.3889947236184397e-16,1.0096851735162993
192,1.009685173516299,1.2707490536461197e-16,1.009685173516299,0.0,1.0246604449380835e-16,2.0734458326206056e-16,1.009685173516299,1.8413056346099994e-16,1.0096851735162995
193,1.0096851735162993,1.1917211132599071e-17,1.009685173516299,0.0,1.9360193253807366e-16,1.588961484346543e-17,1.0096851735162993,1.3065122034906298e-16,1.0096851735162993
194,1.0096851735162995,1.1104133848160554e-16,1.0096851735162993,2.892340692731742e-17,0.0,4.633319865552264e-16,1.0096851735162993,8.504599972195317e-17,1.0096851735162997
195,1.0096851735162997,5.107044203883702e-16,1.0096851735162995,1.9199459337234534e-16,1.14510580134493e-16,4.85390287621983e-16,1.0096851735162997,2.168540892882763e-16,1.0096851735162995
196,1.0096851735162997,1.1913554728695144e-15,1.0096851735162997,9.871078125295446e-16,1.0262286776906387e-16,1.2405889850436756e-15,1.0096851735163,1.2160019664389204e-15,1.0096851735163
197,1.0096851735163004,3.685340600847969e-15,1.0096851735163,3.3609555519726604e-15,4.334186049853105e-17,3.5635054526172956e-15,1.0096851735163002,3.625293080974498e-15,1.0096851735163
198,1.0096851735163004,1.041320519934201e-14,1.0096851735163,9.937297381063175e-15,5.403609674472952e-18,1.0264159672918168e-14,1.0096851735163,1.067157157985211e-14,1.0096851735163004
199,1.0096851735163006,2.961260121253534e-14,1.0096851735163004,2.822677110427761e-14,0.0,2.8358184890620996e-14,1.0096851735163006,2.972000642089462e-14,1.0096851735163006
200,1.0096851735163004,8.431665699960853e-14,1.0096851735163,8.01372890212771e-14,0.0,8.0826483784464e-14,1.0096851735163002,8.454388546328744e-14,1.0096851735163002
201,1.0096851735162993,2.3868819958776147e-13,1.009685173516299,2.2797868273995635e-13,0.0,2.283513216782308e-13,1.009685173516299,2.3898108059862543e-13,1.0096851735162988
202,1.0096851735162953,6.555530133650199e-13,1.0096851735162953,6.267647219411795e-13,7.528398597311852e-17,6.27158449771068e-13,1.0096851735162953,6.55749371772108e-13,1.0096851735162953
203,1.0096851735162857,1.7448426731720835e-12,1.0096851735162855,1.6690484294488703e-12,3.2967157392285796e-18,1.6691788093883619e-12,1.0096851735162855,1.7448191315017201e-12,1.009685173516285
204,1.0096851735162595,4.48929309020598e-12,1.009685173516259,4.296415726289021e-12,0.0,4.296716557754358e-12,1.009685173516259,4.489682028422931e-12,1.0096851735162593
205,1.0096851735161902,1.1843540621635127e-11,1.0096851735161902,1.133976042216844e-11,0.0,1.1340064107347743e-11,1.0096851735161902,1.1843926707566219e-11,1.00968517351619
206,1.0096851735160142,3.0507732126724725e-11,1.0096851735160137,2.922377404697015e-11,0.0,2.9224027591061624e-11,1.0096851735160137,3.050745060937389e-11,1.0096851735160137
207,1.0096851735155805,7.636562134926872e-11,1.0096851735155803,7.318580428425763e-11,1.2689964030674801e-16,7.318602283738192e-11,1.0096851735155803,7.636579656211695e-11,1.0096851735155798
208,1.009685173514547,1.8558230021152673e-10,1.0096851735145467,1.7793433465809707e-10,5.657428148364559e-17,1.7793433831863588e-10,1.0096851735145467,1.8558235560870207e-10,1.0096851735145465
209,1.0096851735121293,4.4101307194243844e-10,1.009685173512129,4.2302491600012493e-10,1.1392882644323877e-17,4.230251314745428e-10,1.009685173512129,4.4101348370293497e-10,1.0096851735121286
210,1.009685173506249,1.0619968075807262e-09,1.009685173506249,1.019162741519143e-09,0.0,1.0191630912460683e-09,1.0096851735062493,1.0619967349520962e-09,1.0096851735062489
211,1.0096851734927261,2.4899146677982756e-09,1.0096851734927261,2.390606426995109e-09,0.0,2.3906069216679193e-09,1.0096851734927261,2.4899149333367535e-09,1.0096851734927255
212,1.009685173462495,5.6811934215782265e-09,1.009685173462495,5.4571106570825555e-09,0.0,5.457110802849757e-09,1.009685173462495,5.68119331503423e-09,1.0096851734624948
213,1.0096851733968564,1.2608646682628865e-08,1.0096851733968568,1.2116762775415642e-08,0.0,1.2116762936629962e-08,1.0096851733968566,1.2608646590079076e-08,1.0096851733968564
214,1.0096851732542844,2.765226340026249e-08,1.0096851732542842,2.658562582203782e-08,0.0,2.658562619398812e-08,1.0096851732542842,2.7652263521054362e-08,1.0096851732542838
215,1.0096851729425853,6.05333213999367e-08,1.0096851729425855,5.82262679383746e-08,0.0,5.822626789969204e-08,1.0096851729425855,6.05333211157901e-08,1.009685172942585
216,1.009685172291595,1.2918969762650524e-07,1.009685172291595,1.243249625610259e-07,0.0,1.2432496284238577e-07,1.009685172291595,1.2918969760845041e-07,1.0096851722915945
217,1.0096851709676977,2.687806925350723e-07,1.009685170967698,2.5878060620693e-07,0.0,2.587806064212965e-07,1.009685170967698,2.6878069266768846e-07,1.0096851709676975
218,1.0096851683463834,5.451064587944376e-07,1.0096851683463832,5.250669123419694e-07,0.0,5.250669128893759e-07,1.0096851683463832,5.451064590722713e-07,1.009685168346383
219,1.0096851630833517,1.0997712650964301e-06,1.0096851630833517,1.059849637139251e-06,0.0,1.0598496373068933e-06,1.0096851630833517,1.0997712649431712e-06,1.0096851630833514
220,1.0096851527229374,2.191364363030702e-06,1.0096851527229376,2.1128623171820317e-06,0.0,2.1128623174553028e-06,1.0096851527229374,2.191364363235033e-06,1.0096851527229374
221,1.0096851330470806,4.263926977599184e-06,1.0096851330470806,4.113202012930918e-06,0.0,4.113202013105661e-06,1.0096851330470809,4.2639269774767625e-06,1.0096851330470802
222,1.0096850965872055,8.103474753128766e-06,1.0096850965872055,7.820848363487988e-06,0.0,7.820848363885614e-06,1.0096850965872055,8.103474752803398e-06,1.0096850965872053
223,1.0096850306508791,1.5045422788856998e-05,1.0096850306508796,1.4527719788757135e-05,9.734705307364158e-18,1.4527719788988898e-05,1.0096850306508796,1.504542278908324e-05,1.0096850306508791
224,1.0096849087288087,2.7878152459379597e-05,1.0096849087288085,2.69328588030185e-05,6.353494320152818e-17,2.693285880324692e-05,1.0096849087288085,2.7878152459022474e-05,1.0096849087288082
225,1.0096846921149498,5.06712183545076e-05,1.0096846921149496,4.897886168454566e-05,7.068745722647839e-17,4.897886168473003e-05,1.0096846921149496,5.067121835493954e-05,1.0096846921149492
226,1.0096843174654764,9.008252829714339e-05,1.009684317465476,8.71199926830897e-05,0.0,8.711999268318502e-05,1.009684317465476,9.008252829721126e-05,1.0096843174654757
227,1.0096836840520464,0.00015669587385100674,1.0096836840520462,0.00015162322708012525,0.0,0.000151623227080293,1.0096836840520462,0.00015669587385119387,1.0096836840520458
228,1.0096826322266963,0.00026728017791459587,1.0096826322266963,0.0002587667704418722,0.0,0.0002587667704421279,1.0096826322266965,0.00026728017791460634,1.0096826322266959
229,1.009680860559076,0.00045348583175788197,1.0096808605590761,0.00043929631401172655,0.0,0.0004392963140118599,1.0096808605590761,0.0004534858317579692,1.0096808605590752
230,1.0096780061291577,0.0007533960271960178,1.0096780061291577,0.0007302531116192692,0.0,0.0007302531116194651,1.0096780061291577,0.0007533960271960913,1.0096780061291573
231,1.0096735055022434,0.0012261145695624887,1.0096735055022434,0.0011891643404461603,0.0,0.0011891643404462096,1.0096735055022437,0.001226114569562329,1.009673505502243
232,1.0096665572668697,0.001955669888461578,1.00966655726687,0.0018978937439417388,0.0,0.001897893743941916,1.00966655726687,0.0019556698884611915,1.0096665572668695
233,1.0096559293286733,0.0030711898188961802,1.0096559293286735,0.0029823570201520525,0.0,0.0029823570201521557,1.0096559293286735,0.003071189818896075,1.0096559293286727
234,1.0096397646363218,0.004767185033256212,1.009639764636322,0.004632453122554447,0.0,0.004632453122554692,1.009639764636322,0.004767185033256154,1.0096397646363215
235,1.0096160309132383,0.007256322128184362,1.0096160309132385,0.007056196705884445,0.0,0.0070561967058845555,1.0096160309132385,0.007256322128184632,1.0096160309132378
236,1.0095818803031635,0.010836458242840527,1.009581880303164,0.01054523687665209,0.0,0.010545236876652372,1.009581880303164,0.01083645824284065,1.0095818803031633
237,1.0095336956694325,0.015885621494855652,1.009533695669433,0.015470292806964568,7.781770166476058e-17,0.01547029280696476,1.0095336956694327,0.015885621494855638,1.0095336956694325
238,1.0094660462181082,0.022971015884015674,1.0094660462181089,0.02238833484192465,0.0,0.02238833484192499,1.0094660462181089,0.022971015884015532,1.0094660462181084
239,1.0093729147066164,0.03272020022835736,1.009372914706617,0.031917373376402096,0.0,0.03191737337640229,1.009372914706617,0.032720200228357206,1.0093729147066164
240,1.0092481767826005,0.04577086488626761,1.0092481767826014,0.04468745898974051,0.0,0.044687458989740934,1.0092481767826011,0.04577086488626774,1.0092481767826011
241,1.009084267453,0.06290987595413942,1.0090842674530003,0.06147767914923987,1.9183146278460725e-16,0.06147767914924,1.0090842674530005,0.06290987595413944,1.0090842674530003
242,1.0088728643370148,0.08500139245417665,1.0088728643370153,0.08314660765817325,0.0,0.08314660765817342,1.008872864337015,0.08500139245417654,1.008872864337015
243,1.0086015277682354,0.11333586558377894,1.0086015277682356,0.11097880426589331,1.237968356618564e-16,0.1109788042658934,1.0086015277682354,0.11333586558377892,1.0086015277682356
244,1.0082627551101526,0.1486860201596978,1.008262755110153,0.14575458991311907,1.6117053150304147e-16,0.145754589913119,1.008262755110153,0.1486860201596976,1.0082627551101528
245,1.0078488442554963,0.1918425491370133,1.0078488442554967,0.1882776078496978,2.5107348236451395e-16,0.18827760784969788,1.0078488442554967,0.19184254913701362,1.007848844255497
246,1.0073524062688919,0.24356002745217398,1.0073524062688928,0.2393227927615923,2.4566014292055295e-16,0.23932279276159252,1.0073524062688926,0.2435600274521738,1.0073524062688928
247,1.0067675288823306,0.30443555765734365,1.0067675288823312,0.29951688157460754,1.329209356032216e-16,0.2995168815746078,1.006767528882331,0.30443555765734365,1.0067675288823315
248,1.0060849955709812,0.37540070280232635,1.0060849955709816,0.36983613187900055,1.5002360124634059e-16,0.36983613187900066,1.0060849955709814,0.37540070280232607,1.0060849955709814
249,1.0053108963872397,0.4558000888876647,1.0053108963872401,0.44967527682817005,1.2094697686681845e-16,0.44967527682817027,1.00531089638724,0.45580008888766477,1.0053108963872401
250,1.0044490646518998,0.54520971135519,1.0044490646519,0.5386648235760088,1.5048014379107316e-16,0.5386648235760088,1.0044490646519002,0.5452097113551901,1.0044490646519
251,1.0035070141129732,0.6428238416936475,1.0035070141129734,0.6360551547953588,2.3818082639480905e-17,0.636055154795359,1.0035070141129734,0.6428238416936474,1.0035070141129734
252,1.002494930580808,0.7475591241084621,1.0024949305808082,0.7408211635387612,1.443620679637662e-16,0.7408211635387613,1.0024949305808082,0.7475591241084621,1.002494930580808
253,1.001427424984681,0.857875387770192,1.0014274249846813,0.8514785582752639,1.9160649464096875e-17,0.8514785582752639,1.0014274249846813,0.8578753877701922,1.0014274249846815
254,1.0003262637043004,0.9715141630858135,1.0003262637043004,0.9657801679984688,0.0,0.9657801679984688,1.0003262637043007,0.9715141630858137,1.0003262637043007
255,0.9992115557239718,1.0863942731867946,0.9992115557239721,1.0816446098255048,1.3197123518341835e-16,1.081644609825505,0.9992115557239721,1.0863942731867946,0.9992115557239721
256,0.9981043916711413,1.2003472416348877,0.9981043916711415,1.1968746003133455,1.4612895091352993e-16,1.1968746003133457,0.9981043916711415,1.2003472416348877,0.9981043916711415
257,0.9970274190698963,1.3110574991780393,0.9970274190698968,1.3090976712279416,1.1593160590163979e-16,1.309097671227942,0.9970274190698968,1.3110574991780393,0.9970274190698963
258,0.9960026993264747,1.4162971705749139,0.996002699326475,1.4159749867193512,4.224090451018602e-17,1.4159749867193512,0.996002699326475,1.416297170574914,0.9960026993264748
259,0.9950466829081189,1.5144358265802742,0.9950466829081194,1.5157317293136126,4.341290742205809e-17,1.515731729313613,0.9950466829081195,1.514435826580274,0.995046682908119
260,0.9941735167739056,1.6040911667776496,0.9941735167739055,1.606821778898491,5.855101318150919e-17,1.606821778898491,0.9941735167739056,1.6040911667776494,0.9941735167739055
261,0.9933936950704552,1.6842690337698487,0.993393695070455,1.6880670045205253,1.45917388082662e-16,1.6880670045205255,0.9933936950704554,1.6842690337698487,0.993393695070455
262,0.9927186056904326,1.7539074380572863,0.9927186056904325,1.758172101897791,1.1399099329607166e-16,1.7581721018977907,0.9927186056904327,1.753907438057286,0.9927186056904324
263,0.9921472674263483,1.8132046750817565,0.9921472674263485,1.8171418855387669,1.3822862239841863e-16,1.8171418855387669,0.9921472674263486,1.8132046750817565,0.9921472674263485
264,0.9916755324934545,1.8626723011821418,0.9916755324934549,1.8653233905473687,4.312828935470769e-17,1.8653233905473692,0.9916755324934551,1.862672301182142,0.9916755324934547
265,0.9912976655102673,1.9029768535853264,0.9912976655102677,1.9032373036640158,0.0,1.9032373036640156,0.9912976655102678,1.9029768535853264,0.9912976655102674
266,0.9910052228173399,1.9350459123975714,0.9910052228173398,1.931703882287731,0.0,1.931703882287731,0.99100522281734,1.9350459123975714,0.9910052228173398
267,0.9907916096209746,1.9596342548761003,0.990791609620975,1.9513334714567898,2.1424066187836569e-16,1.95133347145679,0.9907916096209752,1.9596342548761003,0.9907916096209747
268,0.9906396345416946,1.9784820493039832,0.9906396345416947,1.9639445184399487,1.9947557112185377e-17,1.9639445184399484,0.9906396345416949,1.978482049303983,0.9906396345416946
269,0.9905371022223166,1.9928229163028426,0.990537102222317,1.9708278415522908,0.0,1.9708278415522915,0.9905371022223172,1.9928229163028421,0.9905371022223167
270,0.9904724130455368,2.0038067195908624,0.9904724130455371,1.973234697857746,0.0,1.9732346978577455,0.9904724130455372,2.0038067195908624,0.9904724130455368
271,0.9904351370432618,2.0124474813256206,0.990435137043262,1.9723100685938626,0.0,1.9723100685938628,0.9904351370432622,2.0124474813256206,0.9904351370432617
272,0.9904159511310509,2.019630720647838,0.9904159511310512,1.9690983130993147,0.0,1.9690983130993147,0.9904159511310512,2.019630720647838,0.9904159511310509
273,0.9904060808829956,2.0261378502825167,0.990406080882996,1.9646343248120293,0.0,1.9646343248120295,0.9904060808829962,2.0261378502825167,0.9904060808829956
274,0.9903998502956446,2.032452632492045,0.990399850295645,1.959609274184123,0.0,1.9596092741841233,0.990399850295645,2.0324526324920447,0.9903998502956446
275,0.9903931528620057,2.038896560610257,0.9903931528620064,1.9545517148291458,0.0,1.9545517148291458,0.9903931528620064,2.0388965606102567,0.9903931528620059
276,0.9903831593790905,2.0456596983292474,0.9903831593790907,1.9498572280736206,0.0,1.949857228073621,0.9903831593790909,2.045659698329248,0.99038315937909
277,0.9903683115221276,2.052799546752419,0.9903683115221278,1.9457908860417281,0.0,1.9457908860417288,0.9903683115221278,2.0527995467524196,0.9903683115221277
278,0.9903484019927857,2.060253711641018,0.9903484019927857,1.9424579937268889,0.0,1.9424579937268889,0.9903484019927857,2.060253711641018,0.9903484019927855
279,0.9903237282734071,2.0679165351583486,0.9903237282734074,1.939902630120924,0.0,1.9399026301209241,0.9903237282734074,2.067916535158348,0.990323728273407
280,0.9902949883062168,2.075649718530184,0.9902949883062167,1.9381186199575329,0.0,1.9381186199575329,0.9902949883062167,2.075649718530184,0.9902949883062165
281,0.9902629750041962,2.083294101105603,0.9902629750041967,1.9371009909003172,0.0,1.9371009909003172,0.9902629750041967,2.083294101105603,0.9902629750041962
282,0.990228730034434,2.090698458893245,0.9902287300344342,1.936785341853418,0.0,1.9367853418534184,0.9902287300344342,2.090698458893245,0.9902287300344341
283,0.9901930110872623,2.0977567035043982,0.9901930110872623,1.9371209193068095,0.0,1.9371209193068097,0.9901930110872623,2.097756703504398,0.9901930110872622
284,0.9901562041356288,2.104403156293377,0.9901562041356287,1.9380935055060367,0.0,1.938093505506037,0.9901562041356284,2.1044031562933774,0.9901562041356284
285,0.9901183215591715,2.110622640568312,0.9901183215591721,1.9397157145576227,0.0,1.9397157145576231,0.9901183215591717,2.110622640568312,0.9901183215591716
286,0.9900787996898596,2.116442017518949,0.9900787996898597,1.942077364554559,0.0,1.9420773645545593,0.9900787996898597,2.116442017518949,0.9900787996898596
287,0.9900367628061489,2.121997573996531,0.990036762806149,1.9452234430051312,0.0,1.9452234430051316,0.9900367628061488,2.1219975739965315,0.9900367628061489
288,0.9899909385444521,2.127457387140929,0.989990938544452,1.9492492520319562,0.0,1.9492492520319566,0.9899909385444517,2.127457387140929,0.989990938544452
289,0.9899397792043015,2.133029358331586,0.9899397792043013,1.9542672642524668,0.0,1.954267264252467,0.9899397792043013,2.1330293583315867,0.9899397792043014
290,0.9898815141564846,2.1389556527393285,0.9898815141564842,1.9604018347428698,0.0,1.9604018347428698,0.9898815141564842,2.1389556527393285,0.9898815141564845
291,0.9898138850058547,2.1455362783902996,0.9898138850058544,1.9678204432722404,0.0,1.9678204432722406,0.9898138850058544,2.145536278390299,0.9898138850058548
292,0.9897358741622816,2.1529834452736476,0.9897358741622816,1.9765215210084814,0.0,1.9765215210084817,0.9897358741622814,2.152983445273647,0.9897358741622818
293,0.989646454137993,2.1614934060102193,0.9896464541379929,1.9865215052997034,4.4339210183263775e-17,1.9865215052997038,0.9896464541379927,2.161493406010219,0.9896464541379929
294,0.9895451443841501,2.1712074809781674,0.9895451443841499,1.997778549377239,0.0,1.9977785493772393,0.9895451443841499,2.1712074809781674,0.9895451443841501
295,0.9894318709556278,2.1822270434332594,0.9894318709556277,2.0102065866262433,0.0,2.0102065866262433,0.9894318709556275,2.1822270434332594,0.9894318709556279
296,0.9893076018988394,2.1945474083992047,0.9893076018988387,2.023609916415529,0.0,2.0236099164155292,0.9893076018988387,2.194547408399205,0.9893076018988393
297,0.989174816031701,2.207983227372924,0.9891748160317007,2.0376607719393927,1.2791160543721286e-17,2.0376607719393927,0.9891748160317005,2.207983227372924,0.989174816031701
298,0.9890362663415515,2.2223112644681797,0.9890362663415511,2.0520125207051376,3.638427293293857e-17,2.052012520705138,0.9890362663415508,2.2223112644681797,0.9890362663415513
299,0.9888954113384142,2.2372207541150666,0.9888954113384143,2.0662600167076324,0.0,2.0662600167076324,0.9888954113384143,2.2372207541150666,0.9888954113384141
300,0.988756574794233,2.252309882776475,0.9887565747942331,2.0799100526917367,4.505378838427955e-17,2.079910052691737,0.9887565747942331,2.2523098827764745,0.9887565747942328
301,0.9886247012512248,2.267071459812983,0.9886247012512245,2.092446299057946,5.1379460086681664e-17,2.092446299057946,0.9886247012512244,2.2670714598129833,0.9886247012512245
302,0.9885043819860726,2.28100565957293,0.9885043819860723,2.103418187184465,0.0,2.103418187184465,0.9885043819860723,2.2810056595729304,0.9885043819860725
303,0.9884001207498707,2.293610117208367,0.9884001207498707,2.1123958054427803,0.0,2.1123958054427803,0.9884001207498707,2.293610117208367,0.9884001207498708
304,0.9883160276239025,2.3044017342051846,0.9883160276239024,2.1190114655213863,2.720898533103021e-18,2.1190114655213863,0.9883160276239021,2.304401734205185,0.9883160276239025
305,0.9882570267625669,2.3127971614215275,0.9882570267625667,2.1228292166015463,9.867806023925083e-17,2.1228292166015468,0.9882570267625664,2.312797161421527,0.988257026762567
306,0.9882246546084273,2.318521920688434,0.9882246546084273,2.123805493241456,0.0,2.123805493241456,0.9882246546084271,2.3185219206884335,0.9882246546084273
307,0.9882197761094254,2.32137186003517,0.988219776109425,2.1219654031881627,6.96598664175144e-17,2.121965403188163,0.9882197761094248,2.3213718600351703,0.988219776109425
308,0.988242257743624,2.32124120514076,0.9882422577436237,2.1174423598034555,0.0,2.117442359803455,0.9882422577436237,2.3212412051407605,0.988242257743624
309,0.988290766729982,2.318145729070333,0.9882907667299815,2.1104964756977274,5.0710197526315245e-17,2.1104964756977274,0.9882907667299818,2.318145729070332,0.988290766729982
310,0.9883636351144104,2.312112949341657,0.9883636351144102,2.101445499849743,4.589372478791064e-17,2.101445499849743,0.9883636351144102,2.312112949341657,0.9883636351144105
311,0.9884551843948827,2.3036490010621256,0.9884551843948824,2.0909587470714825,2.901681346260108e-17,2.090958747071482,0.9884551843948827,2.3036490010621256,0.988455184394883
312,0.9885605660783995,2.293178849949857,0.9885605660783993,2.0796148896957805,2.0530124612602612e-17,2.0796148896957805,0.9885605660783995,2.2931788499498573,0.9885605660783995
313,0.9886744399492953,2.2812032791137566,0.988674439949295,2.0680185692565276,4.316359737196803e-17,2.0680185692565276,0.988674439949295,2.2812032791137558,0.9886744399492954
314,0.9887912694572693,2.26825798086157,0.9887912694572689,2.056780159358001,3.946813755154089e-16,2.0567801593580013,0.9887912694572689,2.268257980861571,0.9887912694572698
315,0.988905245720458,2.2549341198515656,0.9889052457204576,2.0465109338880074,2.098575648081675e-17,2.0465109338880074,0.9889052457204579,2.254934119851566,0.9889052457204582
316,0.9890116571060621,2.241787762337573,0.989011657106062,2.037630134581999,4.164975266883852e-17,2.037630134581999,0.989011657106062,2.241787762337573,0.9890116571060624
317,0.9891069127173596,2.2292512724080695,0.9891069127173594,2.030448712972891,2.421908251859953e-17,2.030448712972891,0.9891069127173598,2.229251272408069,0.9891069127173601
318,0.989188568898197,2.2176562339744166,0.9891885688981972,2.025140921973236,1.6015867537680392e-17,2.025140921973236,0.9891885688981974,2.217656233974417,0.9891885688981973
319,0.9892549557519229,2.2072567806693972,0.9892549557519231,2.021798296557025,1.817449348945015e-17,2.0217982965570247,0.9892549557519231,2.207256780669397,0.9892549557519236
320,0.9893064977536616,2.1981194148661904,0.9893064977536618,2.020266468000374,0.0,2.020266468000374,0.9893064977536618,2.1981194148661904,0.9893064977536622
321,0.9893454121363069,2.190123696819321,0.9893454121363071,2.0202069088396644,0.0,2.0202069088396652,0.9893454121363071,2.190123696819321,0.9893454121363073
322,0.9893745681836715,2.18306313604413,0.9893745681836719,2.0212321678103624,6.930603975345846e-17,2.0212321678103624,0.9893745681836719,2.18306313604413,0.9893745681836721
323,0.9893977333866589,2.1766282217243624,0.9893977333866592,2.0228718851117824,3.647121016338337e-17,2.022871885111783,0.9893977333866592,2.1766282217243624,0.9893977333866596
324,0.989419540629428,2.1704143826842848,0.9894195406294284,2.024571624898631,3.0013348018602235e-18,2.0245716248986305,0.9894195406294284,2.1704143826842848,0.9894195406294286
325,0.9894452932644562,2.1639275512239973,0.9894452932644563,2.0257276609080885,5.054728054990938e-17,2.025727660908089,0.9894452932644563,2.1639275512239977,0.9894452932644568
326,0.9894798204228465,2.1567047253645546,0.9894798204228467,2.025803364980686,8.680500731017894e-17,2.025803364980686,0.9894798204228467,2.156704725364555,0.9894798204228472
327,0.9895276285543195,2.148306746710871,0.9895276285543195,2.0243050604195565,0.0,2.024305060419556,0.9895276285543197,2.148306746710871,0.9895276285543203
328,0.9895926742705607,2.1383432872367805,0.9895926742705607,2.020804056631648,3.7409208970405477e-20,2.0208040566316483,0.989592674270561,2.13834328723678,0.9895926742705614
329,0.9896796586366101,2.1263584133644007,0.9896796586366098,2.0147831667318084,8.703208219941083e-17,2.0147831667318084,0.98967965863661,2.1263584133644007,0.9896796586366106
330,0.989789415063224,2.112262569090756,0.989789415063224,2.0061594306963415,0.0,2.0061594306963415,0.989789415063224,2.112262569090756,0.9897894150632244
331,0.9899227861821391,2.0959803234666494,0.9899227861821391,1.994833854704982,9.410694865935013e-18,1.994833854704982,0.9899227861821392,2.09598032346665,0.9899227861821398
332,0.990079452646912,2.077557558591405,0.9900794526469118,1.9808266613722367,8.920309977680946e-18,1.980826661372237,0.9900794526469118,2.0775575585914052,0.9900794526469124
333,0.9902582179883207,2.0571360155929983,0.9902582179883208,1.9642437786990414,2.6928796391250413e-18,1.9642437786990419,0.9902582179883208,2.0571360155929983,0.9902582179883209
334,0.9904567936176347,2.0349758733919794,0.9904567936176348,1.9452987656320466,0.0,1.9452987656320468,0.9904567936176348,2.0349758733919794,0.9904567936176353
335,0.9906702176757625,2.011582549740799,0.9906702176757625,1.924513309250797,7.308872279185227e-17,1.9245133092507973,0.9906702176757625,2.0115825497407993,0.9906702176757628
336,0.9908938515981242,1.9874340107475381,0.9908938515981244,1.9023696263151988,1.9730871203388167e-16,1.9023696263151992,0.9908938515981242,1.9874340107475386,0.9908938515981244
337,0.991122472310676,1.9630570295111185,0.9911224723106755,1.8794221200534376,8.70299882505843e-16,1.8794221200534376,0.9911224723106757,1.9630570295111187,0.9911224723106761
338,0.9913503028917728,1.9390279197898217,0.9913503028917732,1.8562902994876531,2.4357644066448077e-15,1.8562902994876531,0.991350302891773,1.939027919789822,0.9913503028917731
339,0.9915710466315776,1.9159486701931485,0.9915710466315777,1.833675594944803,7.296831476799844e-15,1.833675594944803,0.9915710466315777,1.9159486701931487,0.9915710466315779
340,0.9917793307629363,1.89430353617989,0.9917793307629363,1.8122059137668627,2.1931964876163486e-14,1.8122059137668627,0.9917793307629361,1.8943035361798901,0.9917793307629363
341,0.9919702986399564,1.874520516341536,0.9919702986399564,1.7924585830620545,6.347710606818853e-14,1.7924585830620545,0.9919702986399564,1.8745205163415362,0.9919702986399567
342,0.9921398405655025,1.856942537321435,0.9921398405655021,1.7749413834941958,1.7719079018098738e-13,1.7749413834941958,0.9921398405655021,1.856942537321435,0.9921398405655025
343,0.9922835577165605,1.8419313269307451,0.9922835577165604,1.760203143615925,5.003112907443964e-13,1.7602031436159247,0.9922835577165604,1.8419313269307453,0.9922835577165604
344,0.9923999945572104,1.829553672002784,0.9923999945572103,1.7484783725293411,1.3990863257929507e-12,1.7484783725293418,0.9923999945572103,1.829553672002784,0.9923999945572103
345,0.9924890763188269,1.819754751170811,0.9924890763188268,1.7398373687067243,3.794728453741457e-12,1.7398373687067243,0.9924890763188268,1.8197547511708108,0.9924890763188269
346,0.9925514686507748,1.812420181796874,0.9925514686507748,1.7342567253674503,9.970030950926445e-12,1.7342567253674503,0.9925514686507746,1.812420181796874,0.9925514686507747
347,0.9925890212256623,1.8073364082358383,0.9925890212256622,1.731567115926746,2.5329988402969056e-11,1.731567115926746,0.992589021225662,1.8073364082358379,0.9925890212256621
348,0.9926036194019943,1.8042947533863822,0.9926036194019943,1.7315869482752875,6.585111410687981e-11,1.7315869482752875,0.9926036194019943,1.8042947533863822,0.9926036194019942
349,0.9926008275369665,1.8027751913672643,0.992600827536966,1.7336844263547009,1.6711549663712457e-10,1.7336844263547009,0.992600827536966,1.802775191367264,0.9926008275369661
350,0.9925854877153572,1.8023388334554982,0.9925854877153572,1.737296127338384,4.120671589922948e-10,1.7372961273383838,0.992585487715357,1.8023388334554984,0.9925854877153572
351,0.9925627558708588,1.8025321723380157,0.9925627558708588,1.7418082802642239,9.864270100434512e-10,1.7418082802642239,0.9925627558708584,1.8025321723380154,0.9925627558708587
352,0.9925379802087891,1.8028963584701942,0.9925379802087891,1.7465726561740933,2.3085946601546165e-09,1.7465726561740935,0.9925379802087891,1.8028963584701947,0.9925379802087891
353,0.9925169360558502,1.8029473249513202,0.9925169360558501,1.750877829336051,5.4686691958468e-09,1.7508778293360512,0.9925169360558501,1.8029473249513197,0.9925169360558505
354,0.9925044162795854,1.8022937282985239,0.9925044162795855,1.754123019641173,1.2613336550997284e-08,1.7541230196411732,0.9925044162795853,1.8022937282985239,0.9925044162795852
355,0.9925043735245197,1.8006212178643888,0.9925043735245197,1.7558043802979968,2.8317311687173135e-08,1.755804380297997,0.9925043735245196,1.8006212178643888,0.9925043735245196
356,0.9925198639615036,1.7976967013820944,0.9925198639615036,1.7555223761625605,6.185682852056032e-08,1.7555223761625607,0.9925198639615034,1.7976967013820948,0.9925198639615035
357,0.9925533857954896,1.7933424981722745,0.9925533857954894,1.7529375593912633,1.3347839106052415e-07,1.7529375593912633,0.9925533857954894,1.7933424981722748,0.9925533857954896
358,0.9926059712608966,1.787512170577254,0.9926059712608963,1.7478826949039492,2.873016840218706e-07,1.7478826949039497,0.9926059712608963,1.7875121705772539,0.9926059712608964
359,0.9926762326636969,1.7803598360042239,0.9926762326636969,1.7404909175722099,6.029818677925306e-07,1.7404909175722096,0.9926762326636968,1.780359836004224,0.9926762326636968
360,0.9927623006100837,1.7720878101050006,0.9927623006100833,1.7309468755211976,1.233940838421057e-06,1.7309468755211976,0.9927623006100833,1.7720878101050002,0.9927623006100835
361,0.9928611944096551,1.7629956413247792,0.9928611944096548,1.7195680218569513,2.462107322298218e-06,1.7195680218569516,0.9928611944096546,1.7629956413247794,0.992861194409655
362,0.9929690820697646,1.753472398646603,0.9929690820697646,1.7067585071985405,4.8827252560255524e-06,1.7067585071985407,0.9929690820697644,1.7534723986466032,0.9929690820697644
363,0.993080422692565,1.7440352857457335,0.9930804226925645,1.6931480885949117,9.557793974224361e-06,1.693148088594912,0.9930804226925645,1.7440352857457333,0.9930804226925648
364,0.9931895236365678,1.7352028476920065,0.9931895236365674,1.6793965891594544,1.8268474972116863e-05,1.6793965891594544,0.9931895236365674,1.7352028476920065,0.9931895236365675
365,0.9932906706065637,1.7274956878374146,0.9932906706065634,1.6661662497320888,3.41024759641962e-05,1.6661662497320895,0.9932906706065634,1.7274956878374141,0.9932906706065634
366,0.9933781950209671,1.7214194539419563,0.9933781950209668,1.6541247941532646,6.219086364861807e-05,1.654124794153265,0.9933781950209667,1.721419453941956,0.9933781950209671
367,0.9934453744578406,1.7175818264598974,0.99344537445784,1.6440560327555944,0.00011299838213832639,1.6440560327555944,0.99344537445784,1.7175818264598972,0.9934453744578404
368,0.9934882566893606,1.7162825997140732,0.99348825668936,1.6364782110316558,0.00020129323294692665,1.6364782110316558,0.99348825668936,1.7162825997140734,0.9934882566893602
369,0.993503657950309,1.7177541136340033,0.9935036579503083,1.6318179148250014,0.00035059619998223076,1.6318179148250012,0.9935036579503083,1.717754113634003,0.9935036579503086
370,0.9934895219539849,1.7221161598170516,0.9934895219539842,1.6303808282872363,0.0005972561145146942,1.630380828287237,0.9934895219539842,1.7221161598170518,0.9934895219539847
371,0.9934450899773323,1.7293590163527728,0.9934450899773315,1.632333459203603,0.0009971211086802693,1.6323334592036032,0.9934450899773315,1.7293590163527728,0.9934450899773319
372,0.993370099553713,1.7394121060536663,0.9933700995537125,1.6378002214673246,0.0016524261081892586,1.6378002214673244,0.9933700995537125,1.7394121060536663,0.9933700995537128
373,0.9932694412175634,1.7517280571068277,0.9932694412175629,1.64631558494013,0.002679364913062665,1.64631558494013,0.9932694412175627,1.7517280571068279,0.9932694412175629
374,0.9931476859270771,1.7657958573871926,0.9931476859270766,1.657443530195956,0.00425248095584441,1.657443530195956,0.9931476859270766,1.7657958573871926,0.993147685927077
375,0.9930106834869431,1.7809915493482813,0.9930106834869429,1.6705959587758525,0.006609086285355059,1.6705959587758528,0.9930106834869429,1.7809915493482813,0.9930106834869432
376,0.992865257762786,1.796600551080313,0.9928652577627853,1.685073228298011,0.010097791090893373,1.6850732282980112,0.9928652577627853,1.7966005510803125,0.9928652577627858
377,0.9927196131062936,1.811787571649454,0.9927196131062933,1.7000099324383666,0.015214662250864269,1.7000099324383666,0.9927196131062935,1.8117875716494545,0.9927196131062935
378,0.9925817107725802,1.8257875462895168,0.9925817107725796,1.7145207805445186,0.02245145108843046,1.7145207805445188,0.9925817107725796,1.8257875462895172,0.99258171077258
379,0.9924587121740593,1.837909753272911,0.9924587121740591,1.727810925847632,0.032461475796552876,1.7278109258476322,0.9924587121740591,1.837909753272911,0.9924587121740596
380,0.9923569815710961,1.8475537079884359,0.9923569815710958,1.7391597581632272,0.04600916673127467,1.7391597581632277,0.9923569815710958,1.8475537079884359,0.9923569815710961
381,0.9922828993158299,1.8541156443591413,0.99228289931583,1.7478451265978132,0.06416762794001682,1.747845126597813,0.99228289931583,1.854115644359141,0.9922828993158302
382,0.9922403013298857,1.8572692981155814,0.9922403013298856,1.7533943795317706,0.08794704275418659,1.7533943795317706,0.9922403013298856,1.8572692981155814,0.9922403013298859
383,0.9922303560005213,1.8569588829403458,0.9922303560005212,1.755617432526101,0.11817843214117942,1.755617432526101,0.9922303560005211,1.8569588829403458,0.9922303560005215
384,0.9922534714792435,1.8531958203330474,0.9922534714792437,1.7544140103465478,0.1557656352446809,1.7544140103465475,0.9922534714792437,1.8531958203330476,0.9922534714792438
385,0.992308662255402,1.846129603082681,0.9923086622554019,1.7498349151923043,0.20147573539379668,1.7498349151923045,0.9923086622554019,1.846129603082681,0.992308662255402
386,0.9923951720640175,1.8358842678091547,0.9923951720640176,1.7419077035079802,0.2563341663059075,1.7419077035079806,0.9923951720640175,1.8358842678091551,0.9923951720640178
387,0.9925083587904926,1.8229749097460917,0.9925083587904927,1.7310791727152128,0.3201391167335598,1.7310791727152126,0.9925083587904925,1.8229749097460919,0.9925083587904928
388,0.9926440878573761,1.8078557484748925,0.9926440878573765,1.7177533113878303,0.39240400773442125,1.7177533113878303,0.9926440878573762,1.8078557484748925,0.9926440878573768
389,0.9927984805036404,1.790949701019146,0.9927984805036404,1.7023144818689668,0.47222304170940155,1.7023144818689666,0.9927984805036404,1.790949701019146,0.9927984805036405
390,0.9929678124549645,1.7726587296177285,0.9929678124549647,1.6851388312612001,0.5581090153289808,1.6851388312612003,0.9929678124549642,1.7726587296177287,0.9929678124549648
391,0.9931492245078546,1.7533004845788636,0.9931492245078548,1.6665105391640964,0.6479971481824713,1.6665105391640966,0.9931492245078546,1.7533004845788636,0.9931492245078548
392,0.9933389842690751,1.7332545069430412,0.9933389842690754,1.6468383132198474,0.7386492807156995,1.6468383132198476,0.9933389842690751,1.7332545069430416,0.9933389842690754
393,0.9935349944728025,1.7127344769187518,0.9935349944728026,1.6263582879142222,0.8268195144905575,1.6263582879142222,0.9935349944728026,1.712734476918752,0.9935349944728028
394,0.9937357331099023,1.691887123098962,0.9937357331099022,1.6052557990328808,0.908987092541616,1.605255799032881,0.9937357331099019,1.6918871230989623,0.9937357331099023
395,0.9939402132524786,1.6707977520094128,0.9939402132524787,1.5836683247119496,0.9813244632443991,1.58366832471195,0.9939402132524787,1.6707977520094128,0.9939402132524787
396,0.9941477600699706,1.6495090171012647,0.9941477600699705,1.5617128904431172,1.039693900166533,1.5617128904431177,0.9941477600699705,1.6495090171012645,0.994147760069971
397,0.994357556173527,1.6280612394813367,0.994357556173527,1.5395300173807778,1.081685350110176,1.5395300173807778,0.994357556173527,1.628061239481337,0.9943575561735274
398,0.9945688558474532,1.6064878035709873,0.9945688558474532,1.5172510602069669,1.1051509904569488,1.5172510602069669,0.9945688558474532,1.6064878035709873,0.9945688558474534
399,0.9947806128450268,1.5848485131473016,0.9947806128450271,1.4950388991062555,1.10882586696737,1.495038899106256,0.9947806128450273,1.5848485131473018,0.9947806128450275
400,0.9949912771927525,1.5632489652399777,0.9949912771927527,1.4731131720360904,1.0918011516120059,1.4731131720360908,0.9949912771927525,1.5632489652399775,0.9949912771927529
401,0.995198622648084,1.5418645650958236,0.995198622648084,1.45175465945144,1.0550386709746202,1.45175465945144,0.995198622648084,1.5418645650958236,0.9951986226480842
402,0.995400163820851,1.5209110375530424,0.9954001638208512,1.4312494890950374,1.0011514241969455,1.4312494890950376,0.9954001638208514,1.5209110375530421,0.9954001638208516
403,0.9955930940714366,1.500643384476776,0.9955930940714368,1.411910554810205,0.9328467006158253,1.4119105548102053,0.9955930940714365,1.500643384476776,0.9955930940714368
404,0.9957744725614336,1.4813412971437123,0.9957744725614336,1.3940511474833588,0.853389177330586,1.3940511474833588,0.9957744725614338,1.481341297143712,0.9957744725614339
405,0.995940625007202,1.463361234681578,0.9959406250072022,1.3780589209037803,0.7661868602219698,1.3780589209037803,0.9959406250072022,1.4633612346815779,0.9959406250072024
406,0.9960892687612355,1.4469508572855834,0.9960892687612358,1.364138387684254,0.6754491410538098,1.3641383876842539,0.9960892687612358,1.4469508572855838,0.9960892687612359
407,0.9962188478271816,1.4322941209918896,0.9962188478271821,1.3524106822509316,0.5846951818175552,1.3524106822509319,0.9962188478271821,1.4322941209918896,0.9962188478271821
408,0.9963283447605296,1.4195269227463885,0.99632834476053,1.3429362161515366,0.4968856041940265,1.3429362161515368,0.99632834476053,1.4195269227463887,0.99632834476053
409,0.9964176334986452,1.4087030926541528,0.9964176334986454,1.3356755657454473,0.4144399278232736,1.335675565745447,0.9964176334986454,1.4087030926541528,0.9964176334986454
410,0.9964864267474468,1.3998984939435184,0.9964864267474473,1.3306010417905865,0.3396964016772735,1.3306010417905865,0.9964864267474473,1.3998984939435184,0.9964864267474471
411,0.9965378484941002,1.3928547198268229,0.9965378484941007,1.327320817065187,0.2733937396352204,1.3273208170651873,0.9965378484941007,1.392854719826823,0.9965378484941004
412,0.9965745229826414,1.3873568107400551,0.9965745229826417,1.3255045038311486,0.2159726005461693,1.3255045038311488,0.9965745229826417,1.387356810740055,0.9965745229826418
413,0.9965995045290333,1.3831444367543948,0.9965995045290339,1.3247803296032579,0.16740379938778094,1.3247803296032576,0.9965995045290339,1.3831444367543948,0.9965995045290338
414,0.996616020395941,1.3799391880357599,0.9966160203959413,1.3247602086411805,0.12736694217508182,1.3247602086411807,0.9966160203959413,1.3799391880357599,0.9966160203959413
415,0.9966274176425964,1.3774550406240593,0.996627417642597,1.3250396572020318,0.09537898234513831,1.3250396572020318,0.996627417642597,1.3774550406240589,0.9966274176425971
416,0.9966370429434797,1.3753816045654867,0.9966370429434801,1.32524285915248,0.07008292518492135,1.3252428591524799,0.9966370429434801,1.3753816045654865,0.9966370429434801
417,0.9966472784051441,1.373508571823071,0.9966472784051443,1.325091725208362,0.05050613243364172,1.325091725208362,0.9966472784051447,1.373508571823071,0.9966472784051447
418,0.9966598903193111,1.3716826716633947,0.9966598903193113,1.3243785661813858,0.03568347393692414,1.3243785661813858,0.9966598903193113,1.3716826716633947,0.9966598903193115
419,0.996676110451387,1.3698083413849416,0.9966761104513873,1.3229479515698972,0.02479062682478378,1.3229479515698974,0.9966761104513874,1.3698083413849416,0.9966761104513872
420,0.9966964602797433,1.3678503070609322,0.9966964602797435,1.3207313628323036,0.016967805332397317,1.3207313628323036,0.9966964602797437,1.3678503070609325,0.9966964602797439
421,0.9967206889418831,1.3658275512568014,0.9967206889418834,1.317765682644549,0.011400111628122435,1.3177656826445496,0.9967206889418836,1.3658275512568017,0.9967206889418835
422,0.9967483726190168,1.363780506596968,0.9967483726190167,1.3141008791730637,0.007534793322226526,1.3141008791730637,0.9967483726190169,1.3637805065969681,0.9967483726190172
423,0.9967789464009189,1.3617555860560024,0.9967789464009188,1.3098095981416586,0.00493253807603187,1.3098095981416589,0.9967789464009189,1.3617555860560022,0.9967789464009191
424,0.9968119518628127,1.359791381779623,0.9968119518628131,1.3049496183859997,0.0032875960124051844,1.3049496183859997,0.9968119518628134,1.359791381779623,0.9968119518628131
425,0.9968469386976522,1.3578942062909651,0.9968469386976524,1.299609145740224,0.002329873815498322,1.299609145740224,0.9968469386976524,1.3578942062909654,0.9968469386976524
426,0.9968837664667106,1.3560321430301103,0.9968837664667108,1.2938499161621186,0.0019044150945379487,1.2938499161621186,0.9968837664667108,1.3560321430301105,0.996883766466711
427,0.9969226160338035,1.3541398767498631,0.9969226160338034,1.2877000866578647,0.001953142133843997,1.2877000866578647,0.9969226160338037,1.3541398767498634,0.9969226160338036
428,0.9969639007640619,1.3521223731268528,0.9969639007640622,1.2811690405935512,0.0024935205558649504,1.2811690405935516,0.9969639007640623,1.3521223731268528,0.9969639007640622
429,0.9970084291698379,1.3498400623941564,0.997008429169838,1.2742282772191398,0.003672201637007449,1.27422827721914,0.997008429169838,1.3498400623941567,0.9970084291698379
430,0.9970567106977541,1.3471728095529123,0.997056710697754,1.2668915551637503,0.005679815574141443,1.2668915551637503,0.997056710697754,1.3471728095529123,0.9970567106977543
431,0.9971092642178063,1.3440085032350417,0.9971092642178063,1.259162025899573,0.008838000336967205,1.259162025899573,0.9971092642178063,1.344008503235042,0.9971092642178064
432,0.9971664495011907,1.3402548821568265,0.9971664495011903,1.2510552554262646,0.013606843775327112,1.2510552554262646,0.9971664495011906,1.3402548821568268,0.9971664495011907
433,0.9972284139258837,1.335844751130927,0.9972284139258835,1.242604808318179,0.020632883854885292,1.242604808318179,0.9972284139258836,1.335844751130927,0.9972284139258836
434,0.9972951460450927,1.3307227485767366,0.9972951460450926,1.2338633354272208,0.030967724999494874,1.2338633354272208,0.9972951460450926,1.3307227485767366,0.9972951460450928
435,0.9973657894537294,1.324953462777997,0.9973657894537291,1.2249389422492196,0.04555985652080611,1.2249389422492196,0.9973657894537291,1.3249534627779973,0.9973657894537293
436,0.9974395023693247,1.3186005516213675,0.9974395023693243,1.2159359316324103,0.06571094328026442,1.2159359316324103,0.9974395023693245,1.3186005516213672,0.9974395023693247
437,0.9975152291329208,1.3117595343424044,0.9975152291329207,1.2069699502948767,0.09294356356645428,1.206969950294877,0.9975152291329207,1.3117595343424044,0.9975152291329207
438,0.9975917541942901,1.304545322971718,0.9975917541942898,1.1981681419000947,0.12923730039891534,1.198168141900095,0.9975917541942901,1.304545322971718,0.9975917541942904
439,0.9976676646722167,1.297105268621419,0.9976676646722162,1.1896647418674564,0.17684428900285987,1.1896647418674564,0.9976676646722165,1.2971052686214188,0.9976676646722167
440,0.9977416806275258,1.2895980094643944,0.9977416806275256,1.1815587668629826,0.23727409138393915,1.1815587668629826,0.9977416806275256,1.2895980094643944,0.9977416806275259
441,0.9978126619367101,1.2821615361145082,0.9978126619367097,1.173939826562199,0.31226659984067595,1.173939826562199,0.9978126619367097,1.2821615361145082,0.9978126619367101
442,0.9978796286240716,1.2749216660988922,0.9978796286240718,1.1668780653568467,0.40324867582203733,1.1668780653568465,0.9978796286240716,1.274921666098892,0.9978796286240719
443,0.9979416043224364,1.2680006979016547,0.9979416043224364,1.1604455525496733,0.5118225445024639,1.1604455525496737,0.9979416043224365,1.2680006979016545,0.9979416043224365
444,0.9979981326358235,1.2614811394839742,0.9979981326358234,1.1546548973478792,0.6378550634197588,1.1546548973478792,0.9979981326358236,1.2614811394839744,0.9979981326358236
445,0.9980492167839883,1.2553987872337435,0.9980492167839878,1.1494767000061423,0.7798841642521802,1.1494767000061423,0.9980492167839881,1.2553987872337438,0.9980492167839881
446,0.9980950781123664,1.2497625335961609,0.9980950781123665,1.1448665129553695,0.9357853270486259,1.1448665129553692,0.9980950781123665,1.2497625335961609,0.9980950781123666
447,0.9981363093413923,1.2445435038791308,0.9981363093413922,1.1407465334403761,1.1022433055571057,1.1407465334403761,0.9981363093413922,1.244543503879131,0.9981363093413922
448,0.9981737921113506,1.2396838680569076,0.9981737921113504,1.1370138095489262,1.274762556341258,1.1370138095489262,0.9981737921113505,1.2396838680569078,0.9981737921113508
449,0.9982092377460667,1.235044062156943,0.9982092377460667,1.13348492979303,1.4468704851445702,1.13348492979303,0.9982092377460667,1.2350440621569427,0.998209237746067
450,0.998244505812706,1.230464673014372,0.9982445058127059,1.1299661805072803,1.6119837523864098,1.1299661805072805,0.9982445058127059,1.2304646730143718,0.9982445058127061
451,0.9982817026196541,1.225758645373751,0.9982817026196542,1.1262417537380123,1.7632418343186653,1.1262417537380123,0.9982817026196542,1.2257586453737512,0.9982817026196543
452,0.9983231567323273,1.2207131698032248,0.9983231567323272,1.1220757698564947,1.89374666696539,1.1220757698564945,0.9983231567323272,1.2207131698032245,0.9983231567323273
453,0.9983718366008562,1.2150519244141231,0.9983718366008558,1.1171698389846496,1.9952684663845683,1.1171698389846496,0.998371836600856,1.215051924414123,0.9983718366008563
454,0.9984297140674085,1.2085784539610023,0.9984297140674083,1.111330148412382,2.064101234335534,1.1113301484123819,0.9984297140674083,1.2085784539610025,0.9984297140674085
455,0.9984987222635289,1.2010970764332565,0.9984987222635286,1.1043686791315197,2.0968383281564713,1.1043686791315201,0.9984987222635286,1.201097076433257,0.998498722263529
456,0.9985803331637813,1.1924496729937235,0.9985803331637813,1.0961468130312664,2.091831657978775,1.0961468130312666,0.9985803331637813,1.1924496729937237,0.9985803331637814
457,0.9986756975995333,1.182502640132049,0.9986756975995331,1.086562181576418,2.0486154639654575,1.0865621815764182,0.9986756975995331,1.1825026401320495,0.9986756975995335
458,0.9987852828283493,1.1711800059501496,0.998785282828349,1.0755866203648545,1.968724440880474,1.0755866203648545,0.998785282828349,1.17118000595015,0.9987852828283492
459,0.9989075862084424,1.1585943894946271,0.9989075862084424,1.0633897808711483,1.8581152887523107,1.0633897808711485,0.9989075862084424,1.1585943894946271,0.9989075862084426
460,0.999040968191231,1.1448725226420806,0.9990409681912309,1.0501579198522684,1.7222523776273773,1.0501579198522684,0.9990409681912309,1.1448725226420804,0.999040968191231
461,0.9991830542803773,1.1302142659572032,0.9991830542803771,1.0361520915115625,1.5674711440882703,1.0361520915115625,0.9991830542803773,1.130214265957203,0.9991830542803772
462,0.9993309289631258,1.114871080666731,0.9993309289631259,1.0216925620107575,1.400350824794647,1.0216925620107578,0.9993309289631259,1.1148710806667312,0.9993309289631259
463,0.9994806519005758,1.0992049615508945,0.9994806519005754,1.007196779638972,1.2283862859434003,1.007196779638972,0.9994806519005754,1.0992049615508945,0.9994806519005757
464,0.9996282313013083,1.0835981473896237,0.9996282313013082,0.9930772473480791,1.058110259556182,0.9930772473480791,0.999628231301308,1.0835981473896237,0.9996282313013082
465,0.999769893197569,1.0684174090403427,0.9997698931975686,0.9797229459290514,0.8947928987164426,0.9797229459290512,0.9997698931975686,1.0684174090403427,0.9997698931975688
466,0.9999020949794085,1.054016628426369,0.9999020949794083,0.9674929265196515,0.7426543535135978,0.9674929265196515,0.9999020949794083,1.0540166284263692,0.9999020949794084
467,1.0000209865503151,1.0407834621447705,1.0000209865503147,0.956777841759835,0.605557397307693,0.956777841759835,1.0000209865503147,1.0407834621447705,1.000020986550315
468,1.000124413806402,1.0289610645522298,1.0001244138064014,0.9477734500398389,0.4849482889426439,0.9477734500398388,1.0001244138064014,1.02896106455223,1.0001244138064018
469,1.000211126764571,1.0187050504046486,1.0002111267645706,0.9405810270434092,0.38121123316746675,0.9405810270434088,1.0002111267645706,1.0187050504046486,1.0002111267645708
470,1.0002805988024324,1.0101006487731459,1.000280598802432,0.935225616393182,0.2940850251711766,0.9352256163931818,1.0002805988024317,1.0101006487731456,1.0002805988024324
471,1.0003332426188858,1.0031411802615966,1.0003332426188851,0.9316329598175109,0.2226400270164793,0.931632959817511,1.0003332426188851,1.0031411802615966,1.0003332426188853
472,1.000369550275326,0.9978130980117499,1.0003695502753256,0.9297176873210159,0.1662676886971359,0.9297176873210159,1.0003695502753254,0.99781309801175,1.0003695502753258
473,1.0003929504331623,0.9938070114351887,1.000392950433162,0.9290925405522864,0.12225962803582707,0.9290925405522865,1.000392950433162,0.9938070114351887,1.0003929504331621
474,1.0004063875482927,0.9908533560789737,1.0004063875482925,0.9294259502350956,0.08888353621011785,0.9294259502350956,1.0004063875482925,0.9908533560789736,1.0004063875482927
475,1.0004132049893673,0.9886364239937083,1.000413204989367,0.9303493969618453,0.06451447282234099,0.9303493969618456,1.000413204989367,0.9886364239937082,1.000413204989367
476,1.000416937334462,0.9868160069100603,1.0004169373344614,0.9314778066779111,0.04783274295672553,0.9314778066779111,1.0004169373344614,0.9868160069100606,1.0004169373344616
477,1.000421376389409,0.9850213443931992,1.0004213763894088,0.9324016668174553,0.03787976962843624,0.9324016668174553,1.0004213763894088,0.9850213443931992,1.0004213763894092
478,1.000429763031586,0.982922949008257,1.0004297630315857,0.9327846975450149,0.033601023067336366,0.932784697545015,1.0004297630315855,0.982922949008257,1.000429763031586
479,1.000444650869142,0.980259812993309,1.0004446508691418,0.9323606264138703,0.03472395087103237,0.9323606264138702,1.0004446508691416,0.9802598129933089,1.000444650869142
480,1.0004679526781421,0.9768320539157902,1.0004679526781421,0.9309326826905285,0.041395216801062916,0.9309326826905286,1.000467952678142,0.9768320539157902,1.000467952678142
481,1.000501196005633,0.9724779214105025,1.0005011960056327,0.9283425228751657,0.054420387523933494,0.9283425228751657,1.0005011960056327,0.9724779214105025,1.0005011960056327
482,1.0005448944142379,0.967133729588697,1.000544894414238,0.9245415897326102,0.07502814482091512,0.9245415897326105,1.0005448944142379,0.967133729588697,1.0005448944142379
483,1.0005983654042487,0.9608540038263268,1.0005983654042485,0.9196102375955785,0.10454281903925926,0.9196102375955783,1.0005983654042483,0.9608540038263268,1.0005983654042485
484,1.0006607378105357,0.9537141846253115,1.0006607378105357,0.9136440454364512,0.14489193358228025,0.9136440454364512,1.0006607378105357,0.9537141846253114,1.0006607378105359
485,1.000730715826143,0.9458319726595297,1.0007307158261427,0.9067826440088048,0.19833191526971314,0.9067826440088047,1.0007307158261427,0.9458319726595296,1.000730715826143
486,1.000806898170735,0.9373344385613126,1.0008068981707348,0.8991726389924193,0.26825522856468875,0.8991726389924194,1.0008068981707348,0.9373344385613124,1.0008068981707348
487,1.000887129517574,0.9284225202168078,1.000887129517574,0.8910471846302881,0.3571583981251154,0.8910471846302879,1.000887129517574,0.9284225202168077,1.000887129517574
488,1.000969380621524,0.9192848859700778,1.0009693806215245,0.8826267566866307,0.46729971837312745,0.8826267566866307,1.0009693806215243,0.9192848859700777,1.0009693806215243
489,1.0010517436051307,0.9100975142739046,1.001051743605131,0.8741190315072204,0.6010132870636895,0.8741190315072203,1.0010517436051307,0.9100975142739048,1.001051743605131
490,1.0011323441822664,0.9010331178919225,1.0011323441822666,0.8657300974402666,0.7601985602905321,0.8657300974402667,1.0011323441822666,0.9010331178919228,1.0011323441822668
491,1.0012090449094893,0.8922864875866587,1.0012090449094897,0.8576930053096404,0.947879643745786,0.8576930053096408,1.0012090449094897,0.8922864875866588,1.0012090449094897
492,1.0012801876844009,0.8840159925111077,1.0012801876844013,0.8501984143221024,1.1628556966173453,0.8501984143221024,1.001280187684401,0.884015992511108,1.0012801876844013
493,1.0013442269766133,0.8763700846583274,1.0013442269766135,0.8434215726956388,1.4043452068087776,0.843421572695639,1.0013442269766135,0.8763700846583273,1.0013442269766135
494,1.0013997800003485,0.8694855908495872,1.001399780000349,0.8375194832222215,1.6707764321892387,0.8375194832222213,1.001399780000349,0.8694855908495873,1.0013997800003485
495,1.0014455852951025,0.8634919360165344,1.001445585295103,0.8326345039548776,1.9599426160406985,0.8326345039548778,1.001445585295103,0.8634919360165345,1.0014455852951027
496,1.0014802793417328,0.8585333563721722,1.0014802793417334,0.828917203163805,2.2692446621179605,0.8289172031638051,1.0014802793417334,0.858533356372172,1.0014802793417332
497,1.0015040097265362,0.8546159570505878,1.0015040097265366,0.8263551653350149,2.593664893812594,0.8263551653350147,1.0015040097265366,0.8546159570505876,1.0015040097265366
498,1.0015168283597953,0.851753642150982,1.0015168283597957,0.8249420339616476,2.9294166557988373,0.8249420339616477,1.0015168283597955,0.8517536421509821,1.0015168283597955
499,1.001519229563159,0.8499174639642503,1.0015192295631594,0.824621736949754,3.2729178589813466,0.8246217369497542,1.0015192295631592,0.8499174639642505,1.0015192295631592
500,1.0015119281106728,0.8490571303478074,1.0015119281106732,0.8253120113842023,3.620980047230663,0.8253120113842024,1.0015119281106732,0.8490571303478073,1.0015119281106728
501,1.0014963151470917,0.8490542137301479,1.0014963151470921,0.8268571684087167,3.970736159501909,0.8268571684087168,1.0014963151470921,0.8490542137301478,1.0014963151470917
502,1.001474436845179,0.849716360556395,1.0014744368451793,0.8290336659172147,4.320600140878767,0.8290336659172147,1.0014744368451791,0.8497163605563949,1.0014744368451791
503,1.0014481010514609,0.8508706832007602,1.001448101051461,0.8316433803803699,4.669906884651212,0.8316433803803697,1.0014481010514609,0.8508706832007604,1.0014481010514609
504,1.0014191454541823,0.8523360846863351,1.0014191454541828,0.8344864540588792,5.018770913472236,0.8344864540588793,1.0014191454541823,0.8523360846863353,1.0014191454541825
505,1.0013894426203342,0.853927877882819,1.0013894426203345,0.8373598685028091,5.3672096594586955,0.837359868502809,1.0013894426203342,0.853927877882819,1.001389442620334
506,1.0013607274714051,0.8554646188950258,1.0013607274714051,0.8400801623715141,5.716418855580168,0.8400801623715141,1.001360727471405,0.8554646188950259,1.0013607274714051
507,1.0013342335224762,0.856810290852455,1.0013342335224762,0.8425190954687336,6.068244826937391,0.8425190954687335,1.0013342335224757,0.856810290852455,1.001334233522476
508,1.0013109060303396,0.8578586551852935,1.0013109060303396,0.8445796417344102,6.42426004360978,0.8445796417344104,1.0013109060303393,0.8578586551852936,1.0013109060303393
509,1.0012913864300492,0.8585331388063191,1.001291386430049,0.8461981705821241,6.786001815425529,0.8461981705821242,1.0012913864300486,0.8585331388063192,1.001291386430049
510,1.0012763593617642,0.8587620269508495,1.001276359361764,0.8473097041219654,7.152429375710539,0.8473097041219653,1.0012763593617637,0.8587620269508496,1.0012763593617637
511,1.0012655336504102,0.8585581575265503,1.0012655336504102,0.8479512990468532,7.525691102882246,0.8479512990468535,1.0012655336504097,0.8585581575265504,1.00126553365041
512,1.0012586392986278,0.8579384386202986,1.0012586392986271,0.8481569287393798,7.906823649672671,0.8481569287393796,1.001258639298627,0.8579384386202985,1.0012586392986274
