,smallcell vs. smallcell,smallcell vs. largecell,largecell vs. smallcell,largecell vs. largecell
0,1.0194170225676216,3.064112324121752e-15,6.739222832406946e-15,3.962382173197125e-15
1,1.0194170225676216,3.1123696285274225e-15,5.08688084781303e-15,1.150081497622342e-16
2,1.0194170225676191,3.902538469021114e-15,5.266832838863255e-15,5.630339760329643e-16
3,1.019417022567622,3.694178356031996e-15,1.4427617833607457e-15,8.100434069787642e-16
4,1.019417022567623,4.403254876844446e-15,3.3699795241287963e-15,2.561111077738199e-15
5,1.0194170225676238,2.2387152270908185e-15,3.2041563763515036e-15,0.0
6,1.019417022567621,7.422370282118089e-16,1.4007438904300515e-15,2.0005607401021413e-16
7,1.0194170225676225,2.9658652843861876e-15,2.3696083606204507e-16,0.0
8,1.019417022567621,1.3912485807165221e-15,3.018526078288484e-15,1.7657883768778288e-16
9,1.0194170225676216,1.3955950912631213e-15,3.0859359459867235e-15,4.2411446329002663e-16
10,1.0194170225676216,7.059337627482725e-16,1.3591089941787456e-15,0.0
11,1.0194170225676202,2.6464042646908436e-15,2.183278032994646e-15,1.4169310705255898e-16
12,1.0194170225676218,2.121877509861982e-15,8.841156291091591e-16,0.0
13,1.0194170225676216,0.0,1.5494756088287323e-15,2.7550264354632726e-16
14,1.01941702256762,1.5239254554791925e-15,1.5884374263590347e-15,8.915718842983944e-17
15,1.0194170225676213,2.534419843952175e-15,1.7020035203049535e-15,2.3331786020944533e-16
16,1.0194170225676225,1.0697500508983728e-15,1.1020330481258216e-15,8.995129105341846e-16
17,1.0194170225676205,9.387179728342384e-16,6.98795876428549e-16,1.802086740709881e-16
18,1.0194170225676211,8.632972049162631e-16,1.8422894247204887e-15,6.908681872795162e-16
19,1.0194170225676218,1.2491381053040847e-15,9.211930814263344e-16,4.75797689167529e-16
20,1.0194170225676213,1.5692910002730211e-15,9.55979037805433e-16,1.6489691160698918e-16
21,1.0194170225676213,3.329817590749353e-16,4.911374228331874e-16,7.25858711853346e-16
22,1.0194170225676218,1.1299477067216138e-16,1.3934783180939882e-15,0.0
23,1.0194170225676218,7.25083793563906e-16,1.1010005836509572e-15,0.0
24,1.0194170225676216,1.0440993928754357e-15,7.579737093310169e-16,5.429866253091011e-16
25,1.0194170225676216,1.566590444040603e-16,3.8750216854286656e-16,5.506595486787596e-16
26,1.0194170225676213,5.763983718226203e-16,4.557011457383353e-16,1.7509536666763812e-16
27,1.0194170225676213,1.961902775074688e-16,7.885670004543366e-16,3.0875548379697034e-16
28,1.0194170225676216,2.8450157763311007e-16,5.982373810051681e-16,7.679251205267117e-16
29,1.0194170225676216,1.0012188039321613e-15,8.07311617130982e-16,4.2840012783289935e-16
30,1.0194170225676216,3.2799360988402358e-18,1.3284133983740155e-16,4.0280503925305836e-16
31,1.0194170225676216,6.743687938014664e-17,2.63661027582953e-16,7.888202383819675e-16
32,1.019417022567621,2.3637162146003987e-16,7.840104886005068e-16,2.5524743781407898e-17
33,1.019417022567621,1.4358833575444077e-16,2.8498096618271167e-16,7.650355845795291e-16
34,1.0194170225676218,4.325335453378081e-16,5.490570605178663e-16,4.247366028501616e-16
35,1.0194170225676211,5.00074680449961e-17,3.4549995623874695e-16,2.7343580380880295e-16
36,1.0194170225676211,2.5340103636351097e-16,6.358889365172269e-16,5.152785030860958e-17
37,1.0194170225676218,3.8416646849484894e-16,8.433934663848968e-16,5.200474527201348e-16
38,1.0194170225676218,1.4350221390373086e-16,4.513456665058846e-16,3.72916119476786e-17
39,1.0194170225676213,4.694163204276818e-16,1.4304143072884742e-16,3.095818793902513e-16
40,1.0194170225676213,0.0,2.3135116372208945e-16,9.363890589968141e-17
41,1.0194170225676211,9.47539289277873e-17,8.139601563711472e-16,0.0
42,1.0194170225676218,9.516093432854001e-17,1.8283333939267292e-16,1.2071283131130645e-16
43,1.0194170225676211,4.3649245383511215e-16,1.5849073034690442e-16,3.374744198129489e-16
44,1.0194170225676213,4.530987763174094e-16,1.6255682302421834e-16,3.063550460515229e-16
45,1.0194170225676211,6.7215419903446826e-18,7.231442705472364e-16,3.7863253145223715e-16
46,1.0194170225676213,1.8237827461365166e-17,3.647565492273033e-17,6.004880549086875e-17
47,1.0194170225676218,1.4911768846771847e-16,3.9764716924724923e-16,2.1464873892158122e-16
48,1.0194170225676216,0.0,3.774470243834121e-16,1.5989099232561519e-16
49,1.0194170225676213,0.0,0.0,2.3340272184268634e-16
50,1.0194170225676216,0.0,3.9066641218326796e-16,6.435472744404485e-17
51,1.0194170225676211,2.236794117198081e-16,4.747072183276441e-16,9.769866626500252e-17
52,1.0194170225676211,3.987677657516437e-16,1.3292258858388125e-16,2.418429815015213e-16
53,1.0194170225676218,0.0,0.0,4.0397092124310986e-16
54,1.0194170225676216,3.3690209610069923e-16,3.106342580461458e-16,1.210737294611574e-16
55,1.0194170225676216,4.717942805478517e-16,7.142085708819711e-16,6.964053054252573e-17
56,1.0194170225676216,0.0,9.189286998069904e-17,5.220221001271226e-16
57,1.0194170225676213,3.4881229152408713e-16,2.964478623633168e-16,2.9039386618202865e-16
58,1.0194170225676216,2.2275470790778923e-16,1.4480104670214358e-16,0.0
59,1.0194170225676218,4.889762425707783e-17,5.456175313775499e-16,2.5998547534389917e-16
60,1.0194170225676213,2.327629099310174e-16,4.2318128167646607e-16,0.0
61,1.0194170225676218,5.086681906484863e-17,8.6951611624826e-17,3.7312586638637227e-16
62,1.0194170225676218,4.542457263759053e-16,2.06475330170866e-16,4.499338454655253e-16
63,1.0194170225676211,1.522539738402002e-16,2.1593433226271462e-17,3.3089251288166055e-16
64,1.0194170225676216,2.072065080566548e-16,2.8342878473640363e-16,4.2636392400577546e-17
65,1.0194170225676211,0.0,1.0331787815147183e-16,3.572841158939671e-16
66,1.0194170225676213,2.08007051961576e-16,1.3955174948742693e-16,1.8076644516852635e-16
67,1.0194170225676211,3.2843921465015667e-17,1.0512914089613045e-16,1.2918599541534731e-16
68,1.0194170225676216,3.6928607911810315e-18,2.655275350528895e-16,5.364054134571625e-18
69,1.0194170225676211,1.1527931601382332e-16,4.019522088120239e-16,4.410295530310359e-17
70,1.0194170225676213,0.0,5.914764330117167e-17,1.6106385849108404e-16
71,1.0194170225676216,9.395757604981338e-17,2.453553006094221e-16,4.605514173687875e-16
72,1.019417022567621,4.5830374664196744e-17,3.3883159048882425e-16,3.328538829483319e-17
73,1.0194170225676211,3.2798023326620755e-16,4.3105862095900647e-16,0.0
74,1.0194170225676216,1.4734246386308394e-16,3.8167898883297023e-16,2.2905516298998557e-16
75,1.0194170225676211,0.0,3.8187662985582696e-16,1.107154243243239e-17
76,1.0194170225676213,2.1496424043947924e-16,5.598067198959456e-17,1.3850808659534846e-17
77,1.0194170225676218,7.745794798143629e-17,2.24223499164841e-16,3.244984186779074e-18
78,1.0194170225676216,7.977212980744451e-17,4.757619350017699e-16,0.0
79,1.019417022567622,2.8970783877020403e-16,1.0457037538769494e-17,0.0
80,1.0194170225676213,0.0,1.827065087261602e-16,1.8517507027307607e-16
81,1.0194170225676213,3.9091361050603013e-16,1.5577336059404722e-16,0.0
82,1.0194170225676213,0.0,4.007791250423134e-16,1.1312931419538591e-16
83,1.0194170225676213,0.0,5.982258027240985e-17,1.58310622298137e-18
84,1.0194170225676216,0.0,4.306539930410126e-16,1.0020404359918858e-16
85,1.0194170225676213,0.0,1.7129201617566657e-16,8.354030097208676e-17
86,1.0194170225676213,1.6219738574371603e-16,4.658695394046613e-17,2.8136952027751106e-17
87,1.0194170225676216,7.372512332112982e-18,2.2995074479644345e-16,2.0962230900927496e-16
88,1.0194170225676213,7.511374742437237e-17,1.891882989367558e-16,2.1928277904291877e-16
89,1.0194170225676216,1.0091362376738017e-16,4.298174493779128e-16,3.702678185385231e-16
90,1.0194170225676216,1.9309221158125617e-16,2.2467008656912253e-16,9.703363691065195e-17
91,1.0194170225676211,0.0,2.777566020033034e-17,5.4864390731903334e-17
92,1.0194170225676216,0.0,2.429362467420122e-16,3.0001449911798566e-16
93,1.0194170225676213,0.0,1.478357473239627e-16,3.58756236357874e-16
94,1.0194170225676213,4.371743050883821e-18,1.04760162876207e-16,0.0
95,1.0194170225676216,1.0025819870637289e-17,3.6339188047281303e-16,5.3574297762195114e-17
96,1.0194170225676216,0.0,1.3191339477624511e-16,4.898726270216787e-17
97,1.0194170225676216,1.5235340091157882e-17,9.920216230937847e-17,0.0
98,1.0194170225676211,0.0,1.0465393733441182e-18,0.0
99,1.0194170225676216,0.0,2.1235301414311122e-16,0.0
100,1.0194170225676213,0.0,1.319034208347691e-16,0.0
101,1.0194170225676213,0.0,0.0,8.191740827802834e-17
102,1.0194170225676211,0.0,0.0,2.2166809437076397e-16
103,1.0194170225676213,0.0,0.0,0.0
104,1.0194170225676213,0.0,4.412452075128751e-17,3.567881170123638e-17
105,1.0194170225676213,0.0,1.67750908900725e-17,0.0
106,1.019417022567621,4.5765506525113174e-17,2.391314501481367e-16,0.0
107,1.0194170225676213,0.0,3.211268299753176e-17,0.0
108,1.0194170225676213,0.0,0.0,0.0
109,1.0194170225676211,1.0390624165282678e-17,1.3501418480923877e-16,0.0
110,1.0194170225676211,1.6150915113540747e-17,2.51348485426121e-16,5.0809703596881874e-17
111,1.0194170225676213,0.0,3.3420874801101674e-16,1.1527189504426991e-17
112,1.0194170225676216,0.0,1.2951564955674044e-16,0.0
113,1.0194170225676216,1.885943759399302e-16,1.9283736859107628e-16,0.0
114,1.0194170225676216,0.0,1.743669261854472e-16,0.0
115,1.0194170225676213,1.7142697830502497e-16,1.914403030178017e-16,9.611498936687471e-18
116,1.0194170225676216,1.0959569981688954e-16,9.712485459926865e-17,0.0
117,1.0194170225676213,4.7483374863988565e-17,1.6792418488813942e-18,0.0
118,1.0194170225676211,5.432924490629821e-17,1.0349837091430858e-16,0.0
119,1.0194170225676211,2.619655370104262e-17,2.836085288400873e-16,1.7500387924764976e-17
120,1.0194170225676213,0.0,1.7829756091396633e-17,0.0
121,1.0194170225676216,0.0,1.8204861629384602e-16,0.0
122,1.0194170225676216,6.191422513307602e-17,1.870972613974189e-16,0.0
123,1.0194170225676216,2.8500164604941635e-17,9.186561888134687e-17,0.0
124,1.0194170225676218,4.071957302838853e-17,2.0429399852427256e-16,9.466107772859265e-17
125,1.0194170225676211,0.0,1.6486516099903821e-16,0.0
126,1.0194170225676213,9.311708759964841e-17,1.7498846014602226e-16,0.0
127,1.0194170225676213,1.5232776570845553e-17,1.9852030283670636e-16,0.0
128,1.0194170225676211,2.5611505127202984e-16,1.4628253341929594e-16,3.990855260604811e-17
129,1.0194170225676216,0.0,2.36569377113757e-16,0.0
130,1.0194170225676216,0.0,1.5688284576986464e-16,3.436625692347084e-17
131,1.0194170225676216,1.7191587413269557e-16,1.841381825122856e-16,0.0
132,1.0194170225676213,4.46082254825842e-17,4.0282001364824587e-16,8.11573477285687e-17
133,1.0194170225676213,0.0,4.550743308291607e-16,1.2963871402808948e-16
134,1.0194170225676216,6.348336506277826e-17,1.5674503960238762e-16,0.0
135,1.0194170225676213,0.0,1.584642509949275e-16,2.440088258063959e-16
136,1.0194170225676213,4.1686928556847805e-16,8.81736044149278e-17,1.6472074369923728e-16
137,1.019417022567621,2.1947772268225128e-16,1.1947601402404125e-16,1.7208221307002714e-16
138,1.0194170225676213,1.5331860094567398e-16,0.0,8.073303576459922e-17
139,1.019417022567621,4.5768688944131906e-17,1.567127243205017e-16,4.963105018660351e-16
140,1.0194170225676213,3.484520751847277e-17,1.4991769192765743e-16,1.0355401502794431e-16
141,1.0194170225676213,5.351264950345023e-17,2.3216637142210425e-16,2.1477202310111112e-16
142,1.0194170225676213,1.8437122483675034e-16,1.940590779798413e-16,1.7372727446939752e-16
143,1.019417022567621,1.9478266335583019e-16,4.3236557196781695e-16,7.677603200305074e-17
144,1.0194170225676213,0.0,1.1294220933509018e-16,1.2847336762947755e-16
145,1.0194170225676211,1.6633424855007724e-16,8.492674102673639e-17,1.9213833398362718e-16
146,1.019417022567621,6.228632434466601e-17,1.9905523069861186e-16,4.0626845106942745e-16
147,1.0194170225676211,0.0,2.54121926412596e-16,1.7390384896668222e-16
148,1.0194170225676218,9.629442158261661e-17,1.655988575338739e-16,2.8865954400874423e-16
149,1.019417022567621,0.0,1.2550002444377017e-16,1.695120689055252e-17
150,1.0194170225676213,2.654214538396941e-16,5.858938248351804e-17,1.5504172045645108e-16
151,1.0194170225676218,1.2919785843570684e-18,1.286584932178532e-16,0.0
152,1.0194170225676213,1.4132960090036405e-16,8.294817907744855e-17,9.441370560424617e-17
153,1.0194170225676216,1.160754425026546e-16,6.964526550159275e-17,0.0
154,1.0194170225676213,2.1487247476971774e-17,1.0227779719817036e-16,0.0
155,1.0194170225676216,1.1296654582085927e-17,3.73901736920505e-17,3.023346075880646e-17
156,1.0194170225676213,0.0,2.610207048871356e-16,6.408849455117432e-17
157,1.0194170225676213,0.0,4.650185083097059e-17,1.4419300041187797e-16
158,1.0194170225676216,1.0879553545771139e-16,2.5385624940132654e-16,7.484837420650726e-18
159,1.0194170225676213,0.0,4.499902729439248e-16,1.0028321565058949e-17
160,1.0194170225676213,1.2569514548467805e-16,9.500311000925093e-17,1.2084103929026206e-16
161,1.0194170225676213,0.0,9.237820045326905e-17,6.271656851253518e-17
162,1.0194170225676211,1.5597521130932924e-16,6.424429512482927e-18,0.0
163,1.0194170225676211,8.607212916492858e-18,2.492863438668391e-16,0.0
164,1.0194170225676213,1.3523366013398463e-16,5.795728291456485e-17,0.0
165,1.0194170225676207,8.997979427873117e-17,1.1997305903830822e-16,1.6814519806351638e-17
166,1.0194170225676216,8.001591706265305e-17,0.0,5.012599059354892e-19
167,1.0194170225676213,0.0,5.4889178993864266e-17,0.0
168,1.0194170225676213,7.423469256283577e-17,1.265753199340716e-16,8.734158549307056e-17
169,1.0194170225676211,6.436571135317022e-17,2.319671738719665e-16,1.0409142382895496e-16
170,1.0194170225676213,0.0,1.3630853188888724e-16,2.71183155511237e-16
171,1.0194170225676216,1.3293443146109453e-17,0.0,2.1497990087848878e-17
172,1.0194170225676211,0.0,6.39311986623868e-17,5.775518822517555e-17
173,1.0194170225676211,2.1101502411505614e-16,1.5332131757418742e-16,2.190937006120859e-17
174,1.0194170225676211,5.087304240039014e-18,2.2217555860978634e-16,2.0567812064220204e-17
175,1.0194170225676213,9.569344642942121e-17,9.444342173071363e-17,2.8511039932685887e-17
176,1.0194170225676211,1.8790647371119642e-16,3.40584930934001e-16,0.0
177,1.0194170225676211,6.269376658950065e-16,7.415806905272504e-16,1.7574599699997956e-16
178,1.0194170225676213,1.506332426867772e-15,1.7429744185936239e-15,1.601809551723079e-16
179,1.0194170225676211,3.896061090138495e-15,3.75436170302156e-15,1.3534727451261818e-16
180,1.0194170225676207,8.779409963277312e-15,8.597528743780196e-15,0.0
181,1.0194170225676207,1.9447190415095594e-14,1.8401794041482397e-14,2.0838045439756055e-16
182,1.0194170225676205,4.3719568927116306e-14,4.21474666305056e-14,7.778838422369115e-18
183,1.0194170225676193,9.741686524107802e-14,9.37753560434415e-14,4.1988697036287425e-17
184,1.0194170225676171,2.1096051225559096e-13,2.0315460328295548e-13,0.0
185,1.019417022567613,4.4925875964391487e-13,4.32581322955214e-13,0.0
186,1.0194170225676027,9.75043730265204e-13,9.382280348662588e-13,2.1479810710323346e-17
187,1.0194170225675823,2.0699838863471056e-12,1.9922785091419638e-12,2.6498704710045966e-17
188,1.0194170225675399,4.291291532739789e-12,4.131689013899922e-12,1.2252204359385927e-18
189,1.0194170225674537,8.838487838908337e-12,8.511588846914433e-12,8.038052168639925e-19
190,1.0194170225672736,1.8324872808181385e-11,1.765241982727117e-11,8.64172785894265e-17
191,1.0194170225669155,3.7197265887948056e-11,3.5842315244112206e-11,0.0
192,1.0194170225662205,7.382536309415262e-11,7.115645325693786e-11,0.0
193,1.0194170225648325,1.469483595653746e-10,1.4167709080622012e-10,0.0
194,1.0194170225620933,2.9124201921790546e-10,2.8087838584066553e-10,1.3027450571371252e-17
195,1.0194170225568842,5.656252179081407e-10,5.456569403964994e-10,0.0
196,1.0194170225472061,1.0753189351638017e-09,1.0376507031877122e-09,1.2409167889229893e-16
197,1.0194170225283976,2.0656982307075163e-09,1.993945447841079e-09,4.7615858740429377e-17
198,1.0194170224932597,3.915628272269255e-09,3.780775169243504e-09,3.057851468211126e-17
199,1.019417022429343,7.2802077588134834e-09,7.03159317633188e-09,2.925330066606221e-17
200,1.0194170223149441,1.3301267819954743e-08,1.2850834251070936e-08,2.5620533013638376e-18
201,1.0194170221009164,2.4564083421356302e-08,2.3739875120838252e-08,0.0
202,1.019417021720865,4.456034176981606e-08,4.307889871141422e-08,3.2984537415084675e-17
203,1.0194170210591933,7.936847697230983e-08,7.675386036082465e-08,0.0
204,1.0194170199073465,1.399529890811479e-07,1.353854514495695e-07,2.1922513382591653e-16
205,1.01941701786646,2.472799121855207e-07,2.392902985084102e-07,2.3371297286623303e-16
206,1.0194170144001082,4.2953836925970097e-07,4.1579922220026605e-07,0.0
207,1.0194170086211023,7.333431533587229e-07,7.101215623251422e-07,2.9274465091995797e-17
208,1.0194169988570234,1.24655213355336e-06,1.2074947444486078e-06,3.3871547740124244e-17
209,1.01941698246094,2.108181703706653e-06,2.0428598456051736e-06,9.694959063732969e-17
210,1.0194169558166863,3.508102287853159e-06,3.4006194848355794e-06,7.791501520891551e-17
211,1.0194169132678566,5.74325717855932e-06,5.569268425638474e-06,7.421906551069861e-18
212,1.0194168436603126,9.399101398673484e-06,9.117805023765335e-06,2.4080535569477708e-17
213,1.0194167327989119,1.522043179997412e-05,1.4770629599837886e-05,0.0
214,1.0194165603929592,2.4271619141786283e-05,2.3563458353385e-05,6.339510222777014e-17
215,1.019416296609053,3.811727073188576e-05,3.701944104309624e-05,4.742279935600231e-19
216,1.0194158797693862,5.999147885593287e-05,5.828813850073087e-05,3.243071423964721e-16
217,1.0194152494541284,9.30605897436759e-05,9.045665675816035e-05,1.183933279251738e-16
218,1.0194143110280562,0.0001422833123332579,0.0001383610326709504,1.1828240296241304e-16
219,1.0194129218894368,0.00021512981911620243,0.0002092903729668026,6.904690812283959e-18
220,1.0194108388328356,0.00032433668585349357,0.00031567986444633713,1.596866488564431e-16
221,1.0194078254561902,0.00048227614392688296,0.000469624889197355,1.3879559078119208e-16
222,1.0194035280483187,0.0007074567379669498,0.0006892260098420694,0.0
223,1.019397382479913,0.001029389762338726,0.001003359315441475,0.0
224,1.0193886313441123,0.0014876773534643858,0.0014508142797084965,1.4468512016454222e-16
225,1.0193765099106107,0.0021222762343769378,0.0020707837662502747,1.5842360101445956e-16
226,1.0193599417327603,0.0029894173211670034,0.0029184490869435414,1.5227367573041986e-16
227,1.0193370944139282,0.004184796940747516,0.004087766966535901,2.383019795216109e-16
228,1.01930615456641,0.0058030258719284486,0.005671812253449408,1.4596344476533457e-16
229,1.019265097091497,0.007949694012291666,0.007774592766598201,2.0680924535270609e-16
230,1.019211284349772,0.010762280436333354,0.010531625111021271,2.2692987693885666e-16
231,1.019139869376845,0.0144933778004396,0.014191977444915705,6.628360818529711e-17
232,1.0190477597291308,0.019303779176591936,0.01891492460719128,1.0058149265196887e-16
233,1.0189306115182257,0.025419363953167858,0.024924179659275004,1.1243479584081485e-16
234,1.0187828993639165,0.03312730264524883,0.03250444893819546,5.050079409208848e-17
235,1.0185956605948385,0.04289325998505877,0.04211770419793862,1.7344196223962233e-17
236,1.0183647695819782,0.054930556397860125,0.053977627616181446,1.7372015305732078e-16
237,1.0180832836884506,0.06959877372241789,0.06844320027174947,1.608732280706658e-16
238,1.0177416805860766,0.08739093539448513,0.08600695969538154,1.2704727986578546e-16
239,1.01732952150763,0.1088466218489331,0.10720973786015725,1.4047220800120333e-16
240,1.0168426343427328,0.1341793658488316,0.13226981542712327,6.225447501521304e-17
241,1.0162737517623102,0.16376287782918167,0.16156565052051752,1.7169426872578693e-16
242,1.0156109136014135,0.19821294975759937,0.1957193282448924,3.899654149596534e-18
243,1.0148489122697157,0.23779432825694097,0.23500508757630764,1.9691804134582398e-16
244,1.0139868409303618,0.28254896370511845,0.27947483575125226,1.6303716470554929e-16
245,1.013021941627048,0.3326143501325238,0.3292765272167936,7.501456778393834e-17
246,1.011945379628416,0.388440614067377,0.38487443014040107,4.77715695335569e-17
247,1.0107649857749648,0.4496175855363507,0.44586822250360353,1.2185515586404887e-16
248,1.0094866771982114,0.5158349810662988,0.5119557646676173,0.0
249,1.0081165288730696,0.5867752006530665,0.582825896733043,1.0885124847967012e-18
250,1.0066572757951353,0.6622929697041502,0.6583408212481621,2.4515055049848868e-17
251,1.0051291548352685,0.741345600966957,0.7374487093315311,0.0
252,1.0035458227939085,0.8232314152028767,0.8194377613764064,1.0577535156643659e-16
253,1.0019218095638798,0.9072069222183411,0.9035476236689435,1.0384512822697139e-18
254,1.0002748270525708,0.9923701315027599,0.9888471043049482,5.192063202107215e-17
255,0.9986255584147102,1.0776695151215698,1.0742470247047315,7.735635100058557e-18
256,0.9969915658361831,1.162217785848151,1.1588169858557198,2.92009087784171e-17
257,0.9953920410854604,1.2450514087433935,1.2415341746602617,1.9778852896686854e-16
258,0.9938458332795187,1.3252285577205816,1.3213895335980446,5.396412851518976e-17
259,0.9923663452017372,1.4020842008208705,1.3976609065481425,3.437004422402048e-17
260,0.9909662602438342,1.4749945700791787,1.469659330432801,6.1813295346854805e-18
261,0.9896623740420507,1.5431390431437595,1.536467079252784,1.6499664091384797e-17
262,0.9884601917678688,1.606260208491557,1.5977717792828685,2.0335855317478903e-17
263,0.9873626161391363,1.6642310435585461,1.6534000217896467,2.795665374229717e-17
264,0.9863722124278422,1.7169429375778162,1.703194911889308,1.0738424574487606e-16
265,0.9854979186326316,1.7639809881076478,1.746646269163771,1.517500549414682e-16
266,0.9847286058211229,1.805907787057,1.7843433462055724,7.0106852594001e-17
267,0.9840593438755408,1.8429803722403326,1.8165393723899614,1.1137625206798753e-16
268,0.9834854857249496,1.8754401117164055,1.8434739515000913,2.4607035302871587e-18
269,0.98300349611463,1.90347311675877,1.8653268711258184,0.0
270,0.9825982226166383,1.9278161960862155,1.8829295988405248,5.64341424824617e-18
271,0.9822608769456007,1.9488941790391696,1.8967668928399537,7.539985781382276e-17
272,0.9819843103689101,1.9670473469304144,1.9072383656361833,1.7569951908651247e-16
273,0.9817592401657202,1.982709705233813,1.9148707733629455,3.4896796211270284e-17
274,0.9815743653202524,1.996406154590828,1.920308870511831,7.201585474283455e-17
275,0.9814220502941292,2.008481592223111,1.9239980380833195,1.604328509810401e-16
276,0.981296365584615,2.01918927830273,1.9262987194384449,1.7207271699061302e-16
277,0.9811897803195065,2.0288591336865376,1.9276604389933507,8.960126149926618e-17
278,0.9810963756146119,2.037747124183123,1.9284398354533299,0.0
279,0.9810117731351103,2.0460334522331194,1.928909864031765,0.0
280,0.9809323525682364,2.0538458207248396,1.9293175242115124,0.0
281,0.980854503908832,2.0613423570120566,1.9298783241726607,0.0
282,0.9807758000310748,2.0686219556188785,1.930744576913715,0.0
283,0.9806942342921403,2.0757638641280685,1.9320447223842305,0.0
284,0.9806076669550319,2.0828419481777547,1.9339263577252463,5.545183024156153e-17
285,0.9805150899667917,2.0899258327004406,1.9364241914854283,0.0
286,0.9804154594529989,2.0970723035400347,1.9395894788233548,4.653798375350864e-18
287,0.9803076550739397,2.104341401303957,1.943478134292113,2.2231879705067548e-18
288,0.9801906530361748,2.111797685489292,1.9481315610154306,0.0
289,0.9800645605982815,2.1194780908009725,1.953501723025677,3.966142419597869e-17
290,0.9799292051538887,2.1274214037151578,1.9595676986061878,2.271796226607367e-17
291,0.979784216358114,2.1356738566331246,1.966321586050891,0.0
292,0.9796301974462323,2.1442487415620453,1.9736876585017178,0.0
293,0.9794683823531299,2.1531279866973634,1.9815562755025025,8.307644410372199e-17
294,0.9792999766794542,2.1622874126919327,1.9898268367333343,1.0183908888549361e-16
295,0.979126364389695,2.171693441266799,1.9983896801485603,1.8532370659025008e-17
296,0.9789501289070968,2.1812507124229152,2.0070727814413964,2.4150657419766304e-17
297,0.9787738079462065,2.1908560166285653,2.015716696687859,0.0
298,0.9786001233617796,2.200390643825693,2.0241584239789274,0.0
299,0.9784328692382354,2.2096819917471864,2.032177877844278,0.0
300,0.978274974017014,2.2185780317227435,2.039623993265132,0.0
301,0.9781295310410242,2.226916320371155,2.046339052631674,0.0
302,0.9779999063903417,2.234513784431837,2.0521577399166397,2.3889501407999973e-17
303,0.9778900329640923,2.241148328752807,2.056895095212448,1.667963156417158e-17
304,0.9778010882863847,2.246726420571839,2.0605227775361383,0.0
305,0.9777347959620264,2.2511261641608282,2.062984289518256,8.721699503664723e-17
306,0.977693328258744,2.2541942482898425,2.0642081126789718,0.0
307,0.9776773208719342,2.255850229652577,2.0642088958510523,0.0
308,0.9776852424023948,2.2561337666466486,2.063105480454297,2.4821498081916756e-17
309,0.9777160825340047,2.2550566130259497,2.0609906804533824,0.0
310,0.9777694242517905,2.252586546646579,2.0579398790419066,0.0
311,0.9778420465071604,2.2488601966866937,2.0541498255709922,2.261322051260824e-17
312,0.9779307675551823,2.2440223424736647,2.049805051313781,1.452437300512633e-16
313,0.9780328081785035,2.2381978948145993,2.0450682944591176,1.8604018993880568e-17
314,0.9781459422301768,2.2314645204360994,2.040092294489422,1.755196803117634e-16
315,0.978266370960713,2.224040646656004,2.035051794659001,1.0359506205738893e-16
316,0.9783916532937561,2.2160622533091647,2.0300634665359047,1.5995825086370025e-16
317,0.9785198550412458,2.2076404625756494,2.0252163764042486,3.0460572014313976e-16
318,0.9786495339053436,2.198857555452587,2.0205775210931525,6.45909483259686e-16
319,0.9787797748896835,2.1898127293928247,2.0161424052737527,1.6218459361254068e-15
320,0.9789105264709369,2.1805418403726886,2.01188050563414,3.661623446271663e-15
321,0.9790424125504779,2.1710447139413116,2.0077274228330326,8.206474452277583e-15
322,0.9791768273670487,2.16129085652383,2.0035693467354325,1.868417104409636e-14
323,0.9793154001406406,2.1512448918226568,1.9992730293698404,4.214945516686406e-14
324,0.9794601430149215,2.1408414518875807,1.994695581816841,9.269473628333939e-14
325,0.9796138741785966,2.1299743424073094,1.9896515158567412,2.054452616878608e-13
326,0.9797790095540859,2.118558818145856,1.983975528755039,4.549168096054404e-13
327,0.9799573144930858,2.106534890611668,1.9775448951027432,9.846437103206386e-13
328,0.9801505644381688,2.0938384799571264,1.9702399364412024,2.076833161137332e-12
329,0.9803614109147321,2.0803675039762872,1.961888302097719,4.4527761473212036e-12
330,0.9805896302308119,2.0661470408516904,1.95248806600799,9.421949615733283e-12
331,0.9808349136847025,2.051204543081483,1.9420437263004193,1.9486037950813876e-11
332,0.9810965988796858,2.0355839787697425,1.9305798729312058,3.942524483401126e-11
333,0.9813741535684509,2.0193304452158287,1.9181064961975445,8.132810628189222e-11
334,0.981663812514197,2.002621791474083,1.90483544905377,1.643089190180804e-10
335,0.9819626383844781,1.9856029059095135,1.890925857042695,3.247559291393832e-10
336,0.9822672551079344,1.9684406020912664,1.8765603299802032,6.344037775068367e-10
337,0.9825733788967447,1.951343646789998,1.861973473133691,1.2488098188532044e-09
338,0.9828765866321414,1.9345114961877512,1.8474236231111263,2.4094880096378096e-09
339,0.9831728668105875,1.918129934420532,1.8331401863884682,4.552881046582182e-09
340,0.9834576984801141,1.9024115194381714,1.819378523536004,8.573946616330516e-09
341,0.983727116138609,1.8875339971930825,1.8063713180540335,1.6111372798469684e-08
342,0.983978725623734,1.8735961357597524,1.794267597645607,2.970143617970546e-08
343,0.9842103016528239,1.8606931917419995,1.7832024224208514,5.3685860568286657e-08
344,0.9844188506046673,1.8489610412132924,1.7733497560119937,9.733615139448465e-08
345,0.984604615651413,1.838375240291426,1.7647088738481942,1.7470353810676074e-07
346,0.9847683773201782,1.8288907398011074,1.7572440403340646,3.0793033624672485e-07
347,0.984911152094309,1.8204554733453349,1.750902115494624,5.328095816418838e-07
348,0.9850332366757201,1.813059158204019,1.745662672631872,9.290036597284309e-07
349,0.9851388679988186,1.8065006649068966,1.7412883175654907,1.593767123736362e-06
350,0.9852309370975301,1.8006502359425054,1.7376095842425392,2.687830249712765e-06
351,0.9853124189125563,1.7953791994149435,1.7344472356434697,4.475424020401498e-06
352,0.9853865621217514,1.7905545478419715,1.7315980361990884,7.463022004529252e-06
353,0.9854571883513777,1.7860073589698608,1.7288353640889824,1.2246368476526761e-05
354,0.9855270837241976,1.7816245058058986,1.7259839734270017,1.9774863990103752e-05
355,0.9855987815451346,1.7773123521553906,1.722875287593316,3.167914288473076e-05
356,0.9856743457348907,1.7729982999740457,1.7193682641339505,5.051624389648681e-05
357,0.9857546468179594,1.7686519994681489,1.7154031240849468,7.933657323609881e-05
358,0.9858399570186969,1.7642769918992112,1.7109481066073324,0.00012273103664913224
359,0.9859300290635051,1.759912511543326,1.7059894902799753,0.0001889757572089058
360,0.9860232662396792,1.755638649158549,1.7006123452067767,0.0002883071855813424
361,0.9861175234496813,1.7515542435470088,1.6949397262461388,0.0004335525624073763
362,0.9862103031530334,1.747776967708962,1.6891122813113828,0.0006427753110477205
363,0.9862980553462662,1.7444865254572675,1.6833174007443195,0.0009502550952735304
364,0.9863775632452076,1.7418053884119755,1.6777652460273451,0.001387462054105909
365,0.9864457229505557,1.7398597332856625,1.6726504697721134,0.001998306432084251
366,0.9864993869454295,1.7387767055467522,1.6681711134906996,0.002842923448889778
367,0.9865344676983623,1.7387279102767372,1.66457761615308,0.004026412733261766
368,0.986550212057587,1.7397010278588558,1.6619594901862873,0.005627268441264673
369,0.9865454429249653,1.7417150712992064,1.6604184172253564,0.007762964751872013
370,0.9865191570199193,1.7447780465057332,1.6600486115046573,0.010601109294777564
371,0.9864714928812154,1.7488364774012288,1.6608870635751782,0.014363892144837884
372,0.9864054343903724,1.753706335209947,1.6628073766103726,0.019216278335440238
373,0.9863235673101397,1.7592255979421467,1.6657016982927744,0.025390921642290953
374,0.9862288788266419,1.76520632290552,1.669445325766261,0.03324715178074288
375,0.9861263454062746,1.7713755045297634,1.6737931537157893,0.04310029321962342
376,0.9860212206966922,1.7774609054800765,1.6784712789678533,0.055197501498705934
377,0.9859185597011527,1.783199399119594,1.6832165579574754,0.06985728385272605
378,0.9858245357191076,1.7882615955201422,1.6877140596573645,0.0876369321181459
379,0.9857444689693681,1.7923961305242295,1.69166272556236,0.1087206779265691
380,0.9856829275558371,1.7953871116337392,1.6948036497929568,0.1333154823233557
381,0.9856442066591635,1.797032238917007,1.6968924690831926,0.16163993735340904
382,0.9856345804446873,1.7970206971351614,1.6975858686617253,0.19418607142363126
383,0.9856547610213816,1.7953560959216774,1.696809633806165,0.2306332218729387
384,0.985706654703487,1.7919660078452788,1.6944398307588615,0.2708838570436225
385,0.9857921601655144,1.7867774566891026,1.690354342554101,0.31479104529830565
386,0.9859131166427857,1.779721967267585,1.6844340218471185,0.3620713699496227
387,0.9860666900492908,1.7709729635922038,1.6768066889207212,0.4119054843986073
388,0.9862516856210871,1.7606122606714567,1.667521010399588,0.4635871496581596
389,0.9864675932717832,1.7486852299860576,1.6565925277601121,0.5162760476096362
390,0.9867119473253284,1.7353348545760379,1.6441445206452703,0.5688269288481183
391,0.9869806889393377,1.7207785639255837,1.630390803609052,0.6200853697457726
392,0.98727096834777,1.7051688742959108,1.6154849465089722,0.6688988632994001
393,0.9875807681439106,1.6886152241927737,1.5995407088681175,0.7137773785906049
394,0.9879057769970859,1.6713351249529365,1.58279821248208,0.7535399384439544
395,0.988242276634839,1.6535126644454872,1.5654675483121985,0.7872200980239289
396,0.9885870516064502,1.635304748878749,1.5477336850078187,0.8138785215431426
397,0.988937067893493,1.6168575504378344,1.5297789509882425,0.8320165603316669
398,0.9892883359866087,1.5983597761522632,1.5118274399335305,0.8416459625702873
399,0.989637736723184,1.579957809625692,1.4940578541332803,0.8425335880180835
400,0.9899821737317087,1.561796458846708,1.4766474821551974,0.834511548806794
401,0.9903180017398829,1.5440464150665123,1.4598054465785737,0.8173181816709394
402,0.9906428522563487,1.5268192636192515,1.4436538139603832,0.792142387436045
403,0.9909543083132885,1.5102302768191838,1.4283204660473634,0.7597088842872654
404,0.9912496248915016,1.4944122132193802,1.413949860588699,0.7207311168767848
405,0.9915264098694573,1.4794841861141859,1.4006597511023615,0.6763183739919547
406,0.9917841244831629,1.4654793011207885,1.38845815363922,0.6279859375763382
407,0.9920218316074704,1.4524516653986637,1.3773764689552948,0.5769224572412293
408,0.9922379068834815,1.4404928700736777,1.3674799972953984,0.5242902147286884
409,0.9924327723207296,1.4295980962616133,1.3587171096563277,0.4714108947583411
410,0.9926076148378432,1.4197252674091776,1.3509967208018336,0.419352173474014
411,0.9927633264585459,1.4108483309262285,1.344243954750464,0.3690045769080944
412,0.9928999712893495,1.4029902715219496,1.338419631680084,0.321357574255734
413,0.9930204224503743,1.3960271143861989,1.3333455338829177,0.2769105101237635
414,0.9931267600954446,1.3898744464461308,1.3288871931894857,0.2360344652862023
415,0.9932208953725685,1.3844571304721085,1.3249191377510103,0.19901978411117535
416,0.9933043799229401,1.3797282899391752,1.321323467527105,0.16629927272604847
417,0.9933802515164596,1.3755407461253957,1.3179361018355364,0.13754692884902328
418,0.9934504676965209,1.371808389341162,1.3146415216231737,0.11266163313435365
419,0.9935168227074075,1.3684549869709257,1.3113309623310185,0.09157019982465357
420,0.9935811517937239,1.365400065652447,1.3078961275581305,0.07415070038834214
421,0.9936451234322099,1.3625478327929152,1.3042646158547997,0.05993807827109595
422,0.9937099883453201,1.3598305739490182,1.3003769259760567,0.04870110559857897
423,0.9937769650103352,1.3571855044474173,1.2961705920194886,0.04035058371011654
424,0.9938470275337599,1.3545466329516003,1.291612761742355,0.034681950656977704
425,0.993920732087554,1.3518602812420417,1.2867016491301877,0.03147790157304706
426,0.9939985771425903,1.3490797844600626,1.2814326912129563,0.030700772129788462
427,0.9940812644217614,1.3461495336224938,1.2757868051571513,0.03256413429485535
428,0.994168799985958,1.3430343348798393,1.269798225033011,0.03710239944506833
429,0.9942611400227516,1.3397059205144815,1.2634981083216525,0.044485806740946814
430,0.9943582307508461,1.3361380166097248,1.2569153638364712,0.0550177630700574
431,0.9944603008444665,1.3322846532035626,1.2500650300554932,0.06945006155235604
432,0.9945665899401657,1.3281559611701177,1.2430137275773914,0.08798412809471713
433,0.9946766708512599,1.323747886370757,1.2358047070706941,0.11113925240403899
434,0.9947900813845164,1.319057911558049,1.2284818340555888,0.13958701770136836
435,0.9949062714460473,1.314084383657435,1.2210945188557962,0.17427729196073075
436,0.9950243006898005,1.3088668328861772,1.21369889040575,0.21538257497220165
437,0.9951434479846835,1.303429873033326,1.2063403426265256,0.26338200528270694
438,0.9952629775736458,1.297795884562739,1.1990659805729542,0.31896544516967623
439,0.9953820930241276,1.2919998061663636,1.1919200526626768,0.38246861348542033
440,0.9955001724231156,1.2860835868759335,1.1849285927378885,0.45351737045179663
441,0.9956167450932318,1.2800768357632815,1.1781128986372593,0.5318848645691117
442,0.9957313923956786,1.2740016227174378,1.1714953370995342,0.6174564683341552
443,0.9958440749355875,1.2678800834713257,1.1650689758172668,0.7090806348840915
444,0.9959550199565159,1.2617220029291272,1.1588137530949891,0.8053867223165032
445,0.9960646393217812,1.2555252303652888,1.1527031638483676,0.9049286241365977
446,0.9961736496919031,1.2492688425773406,1.1467010938373121,1.005932668995785
447,0.9962831132202163,1.2429289214240207,1.140744247356144,1.1060474379920409
448,0.9963941714076803,1.2364696032028437,1.1347715551591762,1.2030774476129984
449,0.9965081591954242,1.2298436513224396,1.1287148494012875,1.2946668339116802
450,0.9966269574615659,1.2229767274787022,1.1224834977135352,1.3777416249469863
451,0.9967517040532073,1.2158289023101307,1.1160169503223696,1.4505125085681423
452,0.9968837060376141,1.2083470491603272,1.1092521507258355,1.5110028103509103
453,0.9970244497754626,1.2004672689099396,1.102120446782769,1.5570093186075793
454,0.997175241937168,1.1921312484235198,1.0945634427422601,1.5866140229132448
455,0.9973360825792087,1.1833379949541218,1.0865822321957572,1.5998058808591815
456,0.997507138830253,1.174076849859966,1.07817368623059,1.5962215802498458
457,0.9976887199572438,1.1643282451544226,1.069332590373561,1.575113160866948
458,0.9978798399159002,1.154131175557747,1.0601125246153011,1.5374618929860266
459,0.998078880556088,1.1435544033811975,1.0505949875066811,1.485049806153196
460,0.9982842676958036,1.1326645086475537,1.0408617006239433,1.419390716025563
461,0.9984943084198323,1.1215312776802429,1.0310070032036704,1.3416325581676047
462,0.9987062090570197,1.1102808692140331,1.0211647274533566,1.2547927738649636
463,0.9989175039267842,1.0990252421519735,1.0114544580462375,1.1613195897893096
464,0.9991257672418342,1.0878754541774047,1.0019941822509564,1.0634924933284449
465,0.9993280209423483,1.0769667993815846,0.9929346173892855,0.9636110245435229
466,0.9995222926155952,1.0663973365838764,0.9843572361117562,0.8642226545924351
467,0.9997067644699459,1.0562556849787703,0.9763429735911746,0.7672511448339558
468,0.9998797047451421,1.0466271074537208,0.9689680486425626,0.6745341878862963
469,1.0000395249544212,1.037591584934912,0.9622989064813126,0.5879329454230927
470,1.0001865143330757,1.0291445560224775,0.9563014931303766,0.5083457481893445
471,1.00032076083064,1.0212885368114668,0.9509555239076534,0.43666950754820294
472,1.00044235177648,1.014025569809099,0.9462395162293948,0.3739807774154019
473,1.000552475361979,1.0073061211632297,0.9420745604408401,0.320845257618203
474,1.0006531058244459,1.0010419936112203,0.938345163122772,0.2771964101111321
475,1.0007459405420092,0.9951561231393924,0.9349505682821622,0.24325586672760668
476,1.0008326472980775,0.9895715088145769,0.931787194016438,0.21984823815552992
477,1.0009156285104943,0.9841742707276231,0.9287220315814405,0.2067911994681896
478,1.0009968746477065,0.9788682990527872,0.9256454604001775,0.2040554517261408
479,1.0010780880615968,0.9735697907165298,0.922462403172938,0.21191909459789732
480,1.0011610392933241,0.9681892236977578,0.9190659545937917,0.23174587691235832
481,1.0012467814177313,0.9626711607977217,0.9154061237227785,0.2631668100371367
482,1.001336005989774,0.9569766126341038,0.9114454108309822,0.30669040740658626
483,1.0014291148754308,0.9510794296224481,0.9071602039773484,0.3631620980867459
484,1.0015262508042204,0.9449635084714633,0.902536663329556,0.4341520410853124
485,1.001626551520711,0.9386656119193101,0.8976300967870015,0.519367621160447
486,1.001729173268318,0.932220370696034,0.892487145321395,0.6194357486550516
487,1.001833013453036,0.9256736683109204,0.8871649161010304,0.7355081510776219
488,1.0019365157638407,0.9190949431942612,0.8817478208743349,0.8683329276984937
489,1.0020380908456936,0.9125607984606062,0.8763300708004462,1.0172563697009327
490,1.0021362023440996,0.9061440773857926,0.8709977443182707,1.1822878930495717
491,1.0022289498762211,0.8999338719349853,0.8658517983904461,1.3641148097684843
492,1.0023148127495205,0.8940074854888942,0.8609816803395008,1.5617684607106215
493,1.0023927261541323,0.8884218028714612,0.856453049437459,1.7739720414237297
494,1.0024616687046846,0.8832310224967554,0.8523263420017364,1.9998021926477223
495,1.002520012547366,0.8785189250059756,0.8486899421211722,2.238877841821066
496,1.0025678839548795,0.874289331189325,0.8455486733952761,2.4889516298365892
497,1.002605250171808,0.8705514768809688,0.842911147110576,2.7485272639228233
498,1.0026321160244827,0.8673127044493791,0.8407825407355457,3.016257240099531
499,1.0026481181770523,0.8646019345221525,0.8391862489270974,3.2906190708724137
500,1.0026547731216073,0.8623510537152531,0.8380497571777205,3.5699227006398426
501,1.0026528530227232,0.8605282187904904,0.8373361511668876,3.8530129167463
502,1.002643074245627,0.859105997213312,0.8370111226252345,4.138606008995953
503,1.002626416127989,0.8580455849971099,0.837027248670385,4.425135548365609
504,1.0026043767134478,0.8572714736875079,0.8373074831608457,4.712343517566253
505,1.002577977603862,0.8567348881172306,0.8377994134795371,4.9997591977659175
506,1.0025482126293797,0.8563948804477306,0.8384541985199099,5.2860295877790175
507,1.0025162343413219,0.8561950775990151,0.8392130719675462,5.570725197036368
508,1.002482928168651,0.8560845234611153,0.8400281782727717,5.85458809591002
509,1.0024490247081277,0.8560247919160683,0.8408612110603028,6.13773376230298
510,1.0024154825689053,0.8559803808861036,0.841668664993672,6.418070602683987
511,1.0023827412486668,0.8559182685113305,0.8424247268871156,6.696980035231876
512,1.0023511143234543,0.8558152386238963,0.8431110251033397,6.975407292807876
